FishEc,Lake,File,V2,1_x,2_x,3_x,4_x,5_x,1_y,2_y,3_y,4_y,5_y
185394,Ak_008,Ak_008_dorsal_185394.JPG,74,5234,5129,4269,4120,4089,2002,2006,1998,1802,2190
185395,Ak_008,Ak_008_dorsal_185395.JPG,74,4976,4875,3921,3755,3728,1654,1642,1579,1373,1820
185396,Ak_008,Ak_008_dorsal_185396.JPG,74,4811,4749,4116,3993,3975,1832,1834,1807,1669,1911
185397,Ak_008,Ak_008_dorsal_185397.JPG,74.5,4499,4457,3862,3747,3753,1891,1891,1896,1765,2013
185398,Ak_008,Ak_008_dorsal_185398.JPG,74.3,4451,4367,3523,3339,3342,2041,2041,2091,1882,2262
185399,Ak_008,Ak_008_dorsal_185399.JPG,75.1,4703,4637,4050,3918,3861,1947,1929,1809,1648,1911
185400,Ak_008,Ak_008_dorsal_185400.JPG,74.4,5608,5541,4568,4378,4390,1636,1636,1645,1396,1847
185401,Ak_008,Ak_008_dorsal_185401.JPG,74.2,4284,4241,3702,3629,3646,1901,1900,1985,1900,2105
185402,Ak_008,Ak_008_dorsal_185402.JPG,74.7,5796,5709,4717,4520,4484,1939,1924,1857,1619,2061
185403,Ak_008,Ak_008_dorsal_185403.JPG,74.3,5628,5568,4925,4827,4812,1734,1741,1668,1557,1807
185404,Ak_008,Ak_008_dorsal_185404.JPG,74.2,5411,5316,4513,4384,4383,1943,1939,1947,1823,2131
185405,Ak_008,Ak_008_dorsal_185405.JPG,75,5029,4984,4451,4369,4324,1630,1626,1531,1399,1602
185406,Ak_008,Ak_008_dorsal_185406.JPG,74.8,5387,5345,4943,4833,4840,2102,2101,2095,2037,2207
185407,Ak_008,Ak_008_dorsal_185407.JPG,74.3,4858,4804,4149,4002,4005,1820,1817,1837,1707,1957
185408,Ak_008,Ak_008_dorsal_185408.JPG,74.5,4540,4450,3401,3235,3237,2107,2107,2157,1902,2381
185409,Ak_008,Ak_008_dorsal_185409.JPG,74.7,4272,4224,3767,3674,3683,1584,1584,1588,1541,1729
185410,Ak_008,Ak_008_dorsal_185410.JPG,74.2,5731,5655,4901,4756,4773,1705,1705,1705,1579,1894
185411,Ak_008,Ak_008_dorsal_185411.JPG,75,4178,4136,3537,3447,3462,1721,1717,1702,1611,1847
185412,Ak_008,Ak_008_dorsal_185412.JPG,74.9,5085,5040,4491,4417,4428,1940,1940,1955,1855,2037
185413,Ak_008,Ak_008_dorsal_185413.JPG,74.3,4879,4811,3946,3820,3805,2008,2023,2012,1827,2143
185414,Ak_008,Ak_008_dorsal_185414.JPG,75,4471,4414,3889,3742,3799,1870,1875,1972,1897,2141
185415,Ak_008,Ak_008_dorsal_185415.JPG,75.1,4881,4820,4258,4124,4127,1955,1953,2007,1896,2151
185416,Ak_008,Ak_008_dorsal_185416.JPG,74.1,5237,5165,4488,4343,4340,1935,1925,1871,1775,2032
185417,Ak_008,Ak_008_dorsal_185417.JPG,74.1,5021,4942,4203,4040,4041,1821,1818,1817,1619,1936
185418,Ak_008,Ak_008_dorsal_185418.JPG,75.3,3720,3620,2855,2684,2730,2046,2055,2121,1998,2318
185420,Ak_008,Ak_008_dorsal_185420.JPG,75,4589,4519,3881,3763,3793,1888,1895,1951,1850,2098
185421,Ak_008,Ak_008_dorsal_185421.JPG,74.6,5240,5173,4621,4503,4528,1606,1610,1692,1616,1841
185422,Ak_008,Ak_008_dorsal_185422.JPG,74.2,4782,4702,3997,3816,3840,1906,1909,1960,1814,2127
185423,Ak_008,Ak_008_dorsal_185423.JPG,74.7,5023,4951,4287,4170,4136,1535,1525,1432,1278,1540
185424,Ak_008,Ak_008_dorsal_185424.JPG,75.1,4403,4301,3325,3236,3196,2090,2088,2021,1870,2276
185425,Ak_008,Ak_008_dorsal_185425.JPG,74,5023,4961,4310,4170,4166,1718,1709,1753,1652,1919
185426,Ak_008,Ak_008_dorsal_185426.JPG,74.3,4676,4587,3550,3308,3303,2017,2014,1978,1695,2189
185427,Ak_008,Ak_008_dorsal_185427.JPG,74.9,5004,4953,4249,4130,4088,2047,2041,1902,1729,2026
185428,Ak_008,Ak_008_dorsal_185428.JPG,74.7,4529,4482,4004,3937,3909,1953,1949,1822,1728,1929
185429,Ak_008,Ak_008_dorsal_185429.JPG,74,5817,5708,4775,4585,4535,2061,2059,2009,1779,2227
185430,Ak_008,Ak_008_dorsal_185430.JPG,74.9,5258,5203,4810,4720,4689,1924,1900,1805,1742,1912
185431,Ak_008,Ak_008_dorsal_185431.JPG,74.6,4804,4728,4124,3986,3984,2009,2013,2019,1853,2105
185432,Ak_008,Ak_008_dorsal_185432.JPG,74.1,5433,5344,4323,4144,4112,1325,1318,1263,1045,1519
185433,Ak_008,Ak_008_dorsal_185433.JPG,73.9,5072,5027,4547,4433,4455,1736,1736,1782,1719,1900
185434,Ak_008,Ak_008_dorsal_185434.JPG,74.7,5400,5326,4692,4542,4497,1629,1614,1531,1331,1634
185435,Ak_008,Ak_008_dorsal_185435.JPG,74.7,5466,5418,4854,4761,4791,1917,1918,1957,1875,2102
185436,Ak_008,Ak_008_dorsal_185436.JPG,75.2,5489,5425,4860,4713,4754,1894,1897,1971,1894,2146
185437,Ak_008,Ak_008_dorsal_185437.JPG,75.7,5433,5357,4704,4607,4596,1907,1896,1891,1786,2045
185438,Ak_008,Ak_008_dorsal_185438.JPG,74.3,4517,4464,3759,3695,3685,1916,1911,1909,1786,2036
185439,Ak_008,Ak_008_dorsal_185439.JPG,74.8,5175,5117,4561,4446,4399,1621,1614,1536,1361,1624
185440,Ak_008,Ak_008_dorsal_185440.JPG,74.8,5599,5535,4947,4767,4815,1904,1901,1997,1889,2148
185441,Ak_008,Ak_008_dorsal_185441.JPG,74.3,4848,4759,3972,3824,3845,1759,1755,1781,1595,1916
185442,Ak_008,Ak_008_dorsal_185442.JPG,75.1,4257,4199,3605,3468,3450,1709,1701,1712,1634,1879
185443,Ak_008,Ak_008_dorsal_185443.JPG,74.7,5372,5320,4867,4770,4766,1910,1908,1874,1789,2004
185244,Al_004,Al_004_dorsal_185244.JPG,74,4907,4833,4004,3824,3804,1233,1228,1202,1044,1392
185245,Al_004,Al_004_dorsal_185245.JPG,74.2,5664,5543,4629,4444,4423,1986,1971,1849,1643,2032
185247,Al_004,Al_004_dorsal_185247.JPG,74.1,5441,5354,4581,4418,4400,1645,1645,1606,1452,1806
185249,Al_004,Al_004_dorsal_185249.JPG,74.1,5497,5388,4455,4216,4227,1657,1649,1620,1449,1871
185250,Al_004,Al_004_dorsal_185250.JPG,74.1,5653,5571,4632,4453,4421,2042,2038,1909,1711,2104
185251,Al_004,Al_004_dorsal_185251.JPG,74.2,5796,5691,4823,4590,4617,2048,2043,2126,1963,2340
185252,Al_004,Al_004_dorsal_185252.JPG,74.1,5512,5415,4578,4397,4386,1675,1674,1676,1492,1861
185253,Al_004,Al_004_dorsal_185253.JPG,74.1,5553,5442,4648,4449,4468,1678,1684,1717,1551,1915
185254,Al_004,Al_004_dorsal_185254.JPG,74.1,5538,5423,4610,4446,4435,1705,1699,1689,1497,1817
185255,Al_004,Al_004_dorsal_185255.JPG,74.1,5197,5133,4491,4363,4383,1672,1668,1679,1582,1837
185256,Al_004,Al_004_dorsal_185256.JPG,74.1,5642,5547,4667,4474,4450,1989,1985,1925,1718,2113
185257,Al_004,Al_004_dorsal_185257.JPG,74.1,5838,5731,4843,4674,4654,2074,2056,1935,1747,2113
185258,Al_004,Al_004_dorsal_185258.JPG,74.1,5311,5245,4491,4380,4332,1976,1961,1873,1727,2036
185259,Al_004,Al_004_dorsal_185259.JPG,74,4776,4737,4219,4110,4111,1707,1707,1704,1593,1794
185260,Al_004,Al_004_dorsal_185260.JPG,74.1,4647,4584,3960,3879,3843,1945,1940,1878,1754,1995
185261,Al_004,Al_004_dorsal_185261.JPG,74.2,5500,5426,4713,4564,4552,2070,2068,2016,1825,2099
185262,Al_004,Al_004_dorsal_185262.JPG,74.1,5411,5331,4590,4431,4440,2046,2045,2049,1897,2215
185263,Al_004,Al_004_dorsal_185263.JPG,74,4841,4782,3950,3759,3727,1437,1431,1326,1113,1468
185264,Al_004,Al_004_dorsal_185264.JPG,74.1,5493,5390,4616,4469,4435,1776,1777,1723,1546,1880
185265,Al_004,Al_004_dorsal_185265.JPG,74.1,5286,5212,4509,4372,4358,1920,1919,1872,1747,1993
185266,Al_004,Al_004_dorsal_185266.JPG,74,4672,4619,4011,3878,3878,1440,1437,1451,1327,1585
185267,Al_004,Al_004_dorsal_185267.JPG,74.4,4882,4779,4014,3813,3825,1465,1468,1486,1333,1649
185268,Al_004,Al_004_dorsal_185268.JPG,74.1,5936,5839,5180,5033,4989,2071,2053,1954,1832,2088
185269,Al_004,Al_004_dorsal_185269.JPG,74.1,4801,4742,4222,4143,4138,1768,1756,1756,1665,1875
185270,Al_004,Al_004_dorsal_185270.JPG,74.1,5220,5157,4403,4241,4227,1669,1665,1611,1490,1794
185271,Al_004,Al_004_dorsal_185271.JPG,74.2,5346,5259,4461,4266,4239,1681,1674,1597,1409,1760
185272,Al_004,Al_004_dorsal_185272.JPG,74.1,5118,5070,4530,4393,4398,1670,1664,1661,1571,1780
185273,Al_004,Al_004_dorsal_185273.JPG,74,5400,5306,4541,4407,4373,1930,1921,1854,1682,1997
185274,Al_004,Al_004_dorsal_185274.JPG,74.1,4481,4427,3581,3376,3367,1005,1001,991,837,1177
185275,Al_004,Al_004_dorsal_185275.JPG,74.1,4749,4662,3919,3749,3741,1249,1249,1226,1082,1396
185276,Al_004,Al_004_dorsal_185276.JPG,74.1,5158,5096,4400,4305,4308,1664,1663,1658,1533,1812
185277,Al_004,Al_004_dorsal_185277.JPG,74.1,4453,4367,3623,3439,3430,999,995,963,788,1155
185278,Al_004,Al_004_dorsal_185278.JPG,74.1,5440,5348,4549,4372,4354,1667,1666,1609,1441,1799
185279,Al_004,Al_004_dorsal_185279.JPG,74.2,4973,4876,4075,3894,3852,1428,1421,1297,1134,1485
185280,Al_004,Al_004_dorsal_185280.JPG,74,4483,4407,3703,3570,3559,1009,998,991,852,1139
185281,Al_004,Al_004_dorsal_185281.JPG,74.2,5640,5551,4773,4648,4596,2037,2023,1910,1736,2064
185282,Al_004,Al_004_dorsal_185282.JPG,74,5088,4993,4160,3946,3931,1452,1447,1429,1245,1610
185283,Al_004,Al_004_dorsal_185283.JPG,74,5345,5254,4604,4459,4418,1862,1861,1777,1634,1904
185284,Al_004,Al_004_dorsal_185284.JPG,74,5264,5191,4506,4388,4347,1877,1867,1809,1655,1919
185285,Al_004,Al_004_dorsal_185285.JPG,74.1,5168,5075,4321,4128,4115,1665,1664,1623,1459,1826
185286,Al_004,Al_004_dorsal_185286.JPG,74.1,5604,5528,4710,4577,4545,2057,2060,1968,1806,2127
185287,Al_004,Al_004_dorsal_185287.JPG,74,4873,4772,3993,3850,3787,1445,1439,1279,1098,1441
185288,Al_004,Al_004_dorsal_185288.JPG,74,5770,5642,4775,4621,4624,1643,1645,1658,1474,1828
185289,Al_004,Al_004_dorsal_185289.JPG,74.1,4816,4736,4015,3869,3835,1252,1241,1154,999,1303
185290,Al_004,Al_004_dorsal_185290.JPG,74.1,5693,5633,4986,4882,4870,2048,2046,2012,1879,2138
185291,Al_004,Al_004_dorsal_185291.JPG,74.3,5457,5390,4766,4641,4609,2062,2057,2006,1859,2088
185292,Al_004,Al_004_dorsal_185292.JPG,74.1,4837,4766,4057,3932,3895,1253,1245,1206,1054,1342
185293,Al_004,Al_004_dorsal_185293.JPG,74.2,5763,5662,4700,4513,4505,2046,2033,2003,1794,2225
185990,Al_004,Al_004_dorsal_185990.JPG,74,5320,5240,4564,4426,4436,1983,1978,1999,1892,2134
185991,Al_004,Al_004_dorsal_185991.JPG,74.1,5027,4949,4383,4241,4259,1681,1679,1752,1637,1876
185993,Al_004,Al_004_dorsal_185993.JPG,74.1,5914,5798,4867,4637,4563,2063,2048,1877,1608,2072
185544,ERL_001,ERL_001_dorsal_185544.JPG,72,4551,4507,3822,3681,3644,2716,2714,2640,2484,2773
185545,ERL_001,ERL_001_dorsal_185545.JPG,72.1,4156,4126,3653,3539,3551,2714,2713,2732,2622,2810
185546,ERL_001,ERL_001_dorsal_185546.JPG,72.1,4490,4428,3819,3688,3678,2740,2740,2739,2595,2845
185547,ERL_001,ERL_001_dorsal_185547.JPG,72.1,4608,4538,3835,3706,3687,2732,2723,2730,2559,2885
185548,ERL_001,ERL_001_dorsal_185548.JPG,72.1,4772,4694,3897,3745,3707,2725,2717,2679,2511,2835
185549,ERL_001,ERL_001_dorsal_185549.JPG,72.2,4441,4381,3760,3645,3618,2718,2716,2673,2556,2794
185550,ERL_001,ERL_001_dorsal_185550.JPG,72.1,4376,4315,3721,3627,3610,2715,2714,2667,2559,2799
185551,ERL_001,ERL_001_dorsal_185551.JPG,72.1,4372,4327,3760,3642,3609,2712,2708,2625,2469,2752
185552,ERL_001,ERL_001_dorsal_185552.JPG,72.1,4275,4237,3708,3578,3562,2716,2711,2670,2520,2760
185553,ERL_001,ERL_001_dorsal_185553.JPG,72.2,4755,4678,3943,3733,3767,2750,2747,2658,2800,2459
185554,ERL_001,ERL_001_dorsal_185554.JPG,72.1,4253,4225,3726,3634,3640,2729,2726,2717,2604,2818
185555,ERL_001,ERL_001_dorsal_185555.JPG,72,4177,4130,3638,3527,3514,2728,2723,2684,2564,2800
185556,ERL_001,ERL_001_dorsal_185556.JPG,72,4500,4440,3802,3670,3631,2713,2705,2629,2499,2770
185557,ERL_001,ERL_001_dorsal_185557.JPG,72,4317,4281,3722,3602,3593,2713,2709,2690,2563,2790
185558,ERL_001,ERL_001_dorsal_185558.JPG,72.2,4636,4562,3818,3650,3656,2725,2721,2722,2583,2890
185559,ERL_001,ERL_001_dorsal_185559.JPG,72.1,4306,4260,3686,3571,3539,2723,2721,2679,2533,2773
185560,ERL_001,ERL_001_dorsal_185560.JPG,72.2,4350,4302,3749,3629,3606,2707,2699,2613,2490,2738
185561,ERL_001,ERL_001_dorsal_185561.JPG,72.1,4683,4602,3899,3748,3755,2727,2722,2683,2555,2860
185562,ERL_001,ERL_001_dorsal_185562.JPG,72.1,4590,4516,3857,3724,3686,2720,2714,2645,2489,2777
185563,ERL_001,ERL_001_dorsal_185563.JPG,72.2,4231,4178,3593,3463,3458,2704,2701,2669,2543,2782
185564,ERL_001,ERL_001_dorsal_185564.JPG,72.5,4753,4669,3905,3707,3757,2748,2736,2654,2813,2461
185565,ERL_001,ERL_001_dorsal_185565.JPG,72.2,4673,4600,3898,3721,3689,2725,2720,2639,2481,2786
185566,ERL_001,ERL_001_dorsal_185566.JPG,72.1,4583,4516,3808,3708,3675,2717,2709,2630,2490,2762
185567,ERL_001,ERL_001_dorsal_185567.JPG,72.4,4718,4658,3890,3767,3721,2741,2731,2644,2454,2766
185568,ERL_001,ERL_001_dorsal_185568.JPG,72.1,4298,4245,3728,3624,3598,2712,2703,2675,2562,2779
185569,ERL_001,ERL_001_dorsal_185569.JPG,72.1,4555,4494,3787,3642,3609,2730,2730,2682,2507,2836
185570,ERL_001,ERL_001_dorsal_185570.JPG,72.1,4793,4718,3914,3764,3665,2742,2737,2666,2433,2771
185571,ERL_001,ERL_001_dorsal_185571.JPG,72.1,4463,4409,3752,3628,3626,2708,2708,2639,2509,2783
185572,ERL_001,ERL_001_dorsal_185572.JPG,72.1,4513,4464,3805,3655,3687,2719,2717,2729,2615,2880
185573,ERL_001,ERL_001_dorsal_185573.JPG,72.2,4480,4432,3848,3698,3701,2709,2702,2703,2573,2848
185574,ERL_001,ERL_001_dorsal_185574.JPG,72.4,4992,4898,3929,3737,3697,2757,2743,2658,2409,2813
185575,ERL_001,ERL_001_dorsal_185575.JPG,72.1,4595,4524,3846,3723,3663,2741,2739,2679,2496,2803
185576,ERL_001,ERL_001_dorsal_185576.JPG,72.1,4347,4303,3740,3625,3586,2724,2717,2625,2487,2736
185577,ERL_001,ERL_001_dorsal_185577.JPG,72,4760,4693,3842,3611,3625,2744,2737,2633,2827,2425
185578,ERL_001,ERL_001_dorsal_185578.JPG,72.4,4341,4305,3728,3652,3623,2712,2709,2658,2538,2749
185579,ERL_001,ERL_001_dorsal_185579.JPG,72,4342,4293,3729,3610,3576,2714,2711,2633,2501,2757
185580,ERL_001,ERL_001_dorsal_185580.JPG,72.1,4524,4460,3814,3652,3644,2730,2730,2705,2558,2802
185581,ERL_001,ERL_001_dorsal_185581.JPG,72.2,4805,4725,4004,3797,3829,2730,2732,2753,2621,2947
185582,ERL_001,ERL_001_dorsal_185582.JPG,72.1,4211,4172,3625,3500,3489,2703,2702,2666,2559,2782
185583,ERL_001,ERL_001_dorsal_185583.JPG,72.1,4309,4253,3749,3645,3611,2725,2717,2657,2523,2782
185584,ERL_001,ERL_001_dorsal_185584.JPG,72.1,4668,4591,3884,3722,3749,2723,2716,2748,2604,2920
185585,ERL_001,ERL_001_dorsal_185585.JPG,72,4496,4436,3838,3723,3678,2755,2752,2699,2534,2786
185586,ERL_001,ERL_001_dorsal_185586.JPG,72,4482,4422,3816,3677,3652,2714,2709,2648,2522,2781
185587,ERL_001,ERL_001_dorsal_185587.JPG,72.1,4671,4587,3883,3693,3699,2712,2704,2676,2552,2871
185588,ERL_001,ERL_001_dorsal_185588.JPG,72.2,4467,4411,3787,3630,3615,2713,2711,2678,2524,2806
185589,ERL_001,ERL_001_dorsal_185589.JPG,72.1,4169,4138,3681,3570,3566,2715,2715,2708,2592,2796
185590,ERL_001,ERL_001_dorsal_185590.JPG,72,4194,4151,3676,3567,3528,2711,2705,2633,2534,2752
185591,ERL_001,ERL_001_dorsal_185591.JPG,72,4254,4210,3727,3624,3621,2724,2723,2716,2612,2824
185592,ERL_001,ERL_001_dorsal_185592.JPG,72,4227,4185,3660,3525,3503,2723,2721,2639,2528,2750
185593,ERL_001,ERL_001_dorsal_185593.JPG,72.1,4253,4208,3702,3602,3584,2728,2727,2712,2596,2804
186744,ERL_067,ERL_067_dorsal_186744.JPG,73,5099,4988,3988,3841,3752,2772,2752,2611,2331,2808
186745,ERL_067,ERL_067_dorsal_186745.JPG,72.9,4294,4240,3769,3655,3611,2702,2696,2640,2513,2740
186746,ERL_067,ERL_067_dorsal_186746.JPG,72.9,4747,4659,3911,3760,3758,2896,2891,2909,2746,3068
186747,ERL_067,ERL_067_dorsal_186747.JPG,72.9,5221,5105,4011,3604,3481,2907,2896,2772,2477,3053
186748,ERL_067,ERL_067_dorsal_186748.JPG,73.1,5093,4991,4141,3959,3955,2902,2891,2875,2665,3055
186749,ERL_067,ERL_067_dorsal_186749.JPG,72.9,4770,4690,3998,3860,3844,2731,2731,2713,2541,2864
186750,ERL_067,ERL_067_dorsal_186750.JPG,72.8,5012,4897,3994,3823,3809,2746,2731,2696,2476,2918
186751,ERL_067,ERL_067_dorsal_186751.JPG,72.9,4471,4396,3764,3640,3646,2887,2878,2875,2755,3005
186752,ERL_067,ERL_067_dorsal_186752.JPG,72.9,4854,4760,4004,3856,3839,2751,2747,2752,2545,2900
186753,ERL_067,ERL_067_dorsal_186753.JPG,72.9,4809,4742,3965,3823,3790,2707,2700,2627,2447,2800
186754,ERL_067,ERL_067_dorsal_186754.JPG,73,4851,4746,3960,3792,3726,2867,2868,2797,2550,2938
186755,ERL_067,ERL_067_dorsal_186755.JPG,73,4366,4299,3745,3643,3623,2886,2881,2839,2690,2956
186756,ERL_067,ERL_067_dorsal_186756.JPG,72.9,4689,4598,3915,3783,3702,2882,2875,2773,2582,2900
186757,ERL_067,ERL_067_dorsal_186757.JPG,72.9,4415,4361,3786,3661,3658,2878,2873,2862,2751,2993
186758,ERL_067,ERL_067_dorsal_186758.JPG,72.8,4849,4754,3891,3756,3680,2746,2744,2633,2414,2791
186759,ERL_067,ERL_067_dorsal_186759.JPG,72.8,4863,4748,4013,3889,3865,2913,2903,2870,2692,3034
186760,ERL_067,ERL_067_dorsal_186760.JPG,72.9,4669,4575,3863,3718,3677,2889,2884,2786,2611,2928
186761,ERL_067,ERL_067_dorsal_186761.JPG,73,4857,4757,4008,3837,3811,2724,2707,2655,2479,2835
186762,ERL_067,ERL_067_dorsal_186762.JPG,72.9,5027,4915,4024,3871,3839,2906,2909,2879,2663,3085
186763,ERL_067,ERL_067_dorsal_186763.JPG,73,5179,5086,4081,3842,3804,2896,2887,2770,2520,2993
186764,ERL_067,ERL_067_dorsal_186764.JPG,72.9,4622,4536,3897,3759,3718,2721,2715,2651,2470,2769
186765,ERL_067,ERL_067_dorsal_186765.JPG,73,5063,4944,4046,3874,3771,2724,2707,2535,2287,2710
186766,ERL_067,ERL_067_dorsal_186766.JPG,72.9,4393,4327,3767,3642,3627,2711,2704,2670,2544,2774
186767,ERL_067,ERL_067_dorsal_186767.JPG,72.8,4429,4365,3832,3733,3695,2716,2713,2667,2526,2771
186768,ERL_067,ERL_067_dorsal_186768.JPG,72.9,5040,4940,4057,3882,3847,2906,2897,2880,2666,3067
186769,ERL_067,ERL_067_dorsal_186769.JPG,72.8,4948,4837,3949,3752,3697,2758,2733,2594,2361,2781
186770,ERL_067,ERL_067_dorsal_186770.JPG,72.9,4566,4490,3842,3676,3692,2726,2724,2759,2630,2930
186771,ERL_067,ERL_067_dorsal_186771.JPG,72.8,4646,4553,3886,3707,3721,2714,2719,2727,2586,2896
186772,ERL_067,ERL_067_dorsal_186772.JPG,73,4816,4722,3957,3823,3755,2896,2884,2757,2574,2912
186773,ERL_067,ERL_067_dorsal_186773.JPG,72.8,4396,4330,3802,3696,3685,2706,2708,2705,2567,2817
186774,ERL_067,ERL_067_dorsal_186774.JPG,72.8,5128,4981,4092,3906,3874,2888,2879,2829,2619,3006
186775,ERL_067,ERL_067_dorsal_186775.JPG,72.9,4900,4795,3979,3874,3770,2732,2714,2597,2352,2758
186776,ERL_067,ERL_067_dorsal_186776.JPG,72.9,5072,4944,4104,3944,3898,2767,2746,2691,2456,2870
186777,ERL_067,ERL_067_dorsal_186777.JPG,73.1,5080,4955,4044,3884,3827,2907,2897,2833,2585,3022
186778,ERL_067,ERL_067_dorsal_186778.JPG,72.9,4861,4749,3947,3798,3733,2926,2908,2829,2606,2980
186779,ERL_067,ERL_067_dorsal_186779.JPG,72.8,4592,4520,3867,3700,3693,2881,2875,2858,2696,3020
186780,ERL_067,ERL_067_dorsal_186780.JPG,72.9,4964,4880,4023,3843,3823,2901,2904,2859,2645,3066
186781,ERL_067,ERL_067_dorsal_186781.JPG,72.9,4556,4473,3849,3708,3698,2714,2711,2686,2566,2837
186782,ERL_067,ERL_067_dorsal_186782.JPG,72.9,4848,4734,3955,3757,3688,2891,2879,2779,2545,2956
186783,ERL_067,ERL_067_dorsal_186783.JPG,72.9,4836,4757,4007,3880,3857,2866,2856,2806,2633,2969
186784,ERL_067,ERL_067_dorsal_186784.JPG,73,4737,4628,3900,3744,3753,2722,2720,2725,2573,2914
186785,ERL_067,ERL_067_dorsal_186785.JPG,73,4588,4489,3847,3706,3721,2870,2868,2867,2749,3020
186786,ERL_067,ERL_067_dorsal_186786.JPG,72.9,4892,4789,3942,3779,3708,2912,2899,2781,2527,2946
186787,ERL_067,ERL_067_dorsal_186787.JPG,72.9,5037,4915,4070,3907,3847,2750,2740,2660,2408,2871
186788,ERL_067,ERL_067_dorsal_186788.JPG,72.8,4913,4822,4003,3860,3802,2730,2723,2643,2426,2834
186789,ERL_067,ERL_067_dorsal_186789.JPG,72.9,4391,4333,3782,3643,3632,2890,2891,2893,2772,3008
186790,ERL_067,ERL_067_dorsal_186790.JPG,72.9,5187,5069,4129,3943,3878,2911,2911,2864,2610,3058
186791,ERL_067,ERL_067_dorsal_186791.JPG,72.7,4628,4549,3912,3747,3736,2728,2716,2690,2551,2851
186792,ERL_067,ERL_067_dorsal_186792.JPG,73,4752,4660,3859,3719,3690,2888,2877,2770,2591,2944
186793,ERL_067,ERL_067_dorsal_186793.JPG,72.8,4558,4480,3843,3711,3681,2875,2868,2812,2656,2943
190401,ERL_138,ERL_138_dorsal_190401.JPG,74,5347,5283,4564,4436,4398,1632,1625,1516,1349,1646
190402,ERL_138,ERL_138_dorsal_190402.JPG,73.9,4997,4930,4231,4055,4054,1633,1634,1571,1416,1746
190403,ERL_138,ERL_138_dorsal_190403.JPG,74.1,4141,4078,3543,3447,3424,2330,2327,2248,2170,2348
190404,ERL_138,ERL_138_dorsal_190404.JPG,74.1,4046,3994,3500,3398,3365,2339,2338,2266,2120,2365
190405,ERL_138,ERL_138_dorsal_190405.JPG,74.4,5209,5103,4319,4185,4159,1666,1650,1595,1409,1754
190406,ERL_138,ERL_138_dorsal_190406.JPG,74.3,5640,5549,4526,4319,4321,1626,1623,1643,1434,1928
190407,ERL_138,ERL_138_dorsal_190407.JPG,74,5226,5159,4489,4374,4336,1634,1627,1526,1360,1660
190408,ERL_138,ERL_138_dorsal_190408.JPG,74.2,4295,4239,3679,3565,3535,2351,2342,2253,2132,2371
190409,ERL_138,ERL_138_dorsal_190409.JPG,74.2,5336,5231,4522,4404,4363,1661,1647,1583,1416,1762
190410,ERL_138,ERL_138_dorsal_190410.JPG,74.1,4469,4413,3851,3690,3686,2349,2349,2311,2188,2428
190411,ERL_138,ERL_138_dorsal_190411.JPG,74.1,5044,4957,4202,4082,4036,1646,1640,1548,1346,1711
190412,ERL_138,ERL_138_dorsal_190412.JPG,74.2,4487,4403,3745,3626,3617,2344,2348,2315,2203,2459
190413,ERL_138,ERL_138_dorsal_190413.JPG,74,4209,4171,3624,3531,3507,2342,2337,2274,2162,2379
190414,ERL_138,ERL_138_dorsal_190414.JPG,74.1,5821,5727,4903,4721,4614,1642,1635,1438,1178,1595
190415,ERL_138,ERL_138_dorsal_190415.JPG,74,5129,5033,4273,4143,4058,1643,1635,1506,1288,1655
190416,ERL_138,ERL_138_dorsal_190416.JPG,74.2,5731,5593,4796,4337,4263,1669,1659,1582,1222,1847
190417,ERL_138,ERL_138_dorsal_190417.JPG,74.1,5128,5055,4188,3895,3781,1655,1646,1465,1182,1705
190418,ERL_138,ERL_138_dorsal_190418.JPG,74,5106,5037,4188,4047,4022,1627,1627,1544,1342,1736
190419,ERL_138,ERL_138_dorsal_190419.JPG,73.9,5314,5218,4465,4331,4266,1647,1641,1497,1306,1630
190420,ERL_138,ERL_138_dorsal_190420.JPG,74.3,3949,3915,3451,3343,3310,2329,2325,2264,2156,2363
190421,ERL_138,ERL_138_dorsal_190421.JPG,74.2,4405,4332,3717,3600,3583,2342,2332,2264,2132,2390
190422,ERL_138,ERL_138_dorsal_190422.JPG,74.2,4267,4240,3799,3713,3691,1631,1629,1595,1493,1674
190423,ERL_138,ERL_138_dorsal_190423.JPG,74.2,4180,4141,3626,3510,3492,2339,2334,2259,2148,2380
190424,ERL_138,ERL_138_dorsal_190424.JPG,73.9,5318,5221,4303,4122,4074,1656,1654,1589,1337,1758
190425,ERL_138,ERL_138_dorsal_190425.JPG,74,5414,5305,4414,4218,4147,1671,1661,1547,1270,1720
190426,ERL_138,ERL_138_dorsal_190426.JPG,74.2,4314,4259,3675,3564,3545,2333,2333,2271,2135,2378
190427,ERL_138,ERL_138_dorsal_190427.JPG,73.9,5399,5307,4633,4501,4470,2064,2064,2016,1833,2170
190428,ERL_138,ERL_138_dorsal_190428.JPG,74.2,4022,3962,3428,3315,3266,2358,2343,2227,2099,2304
190429,ERL_138,ERL_138_dorsal_190429.JPG,74,4998,4915,4283,4231,4146,1627,1619,1469,1305,1586
190430,ERL_138,ERL_138_dorsal_190430.JPG,74,5247,5176,4485,4355,4334,1631,1634,1582,1427,1748
190431,ERL_138,ERL_138_dorsal_190431.JPG,74.3,4060,3990,3449,3312,3279,2341,2343,2272,2121,2394
190432,ERL_138,ERL_138_dorsal_190432.JPG,74.1,4457,4392,3778,3672,3628,2347,2340,2214,2076,2356
190433,ERL_138,ERL_138_dorsal_190433.JPG,74.2,5463,5337,4229,4067,4006,1693,1675,1574,1292,1802
190434,ERL_138,ERL_138_dorsal_190434.JPG,74.1,5680,5560,4709,4591,4480,1660,1648,1474,1219,1627
190435,ERL_138,ERL_138_dorsal_190435.JPG,74,4854,4773,4084,3973,3925,1648,1647,1590,1407,1717
190436,ERL_138,ERL_138_dorsal_190436.JPG,74,4852,4802,4108,3997,3940,1619,1612,1469,1312,1594
190437,ERL_138,ERL_138_dorsal_190437.JPG,74,5326,5255,4484,4385,4353,1634,1633,1522,1378,1666
190438,ERL_138,ERL_138_dorsal_190438.JPG,74.1,4241,4165,3621,3510,3486,2339,2334,2276,2142,2370
190439,ERL_138,ERL_138_dorsal_190439.JPG,74.3,3957,3922,3470,3371,3346,2328,2325,2273,2186,2371
190440,ERL_138,ERL_138_dorsal_190440.JPG,74.2,5371,5284,4598,4457,4426,1636,1629,1541,1389,1682
190441,ERL_138,ERL_138_dorsal_190441.JPG,74,5322,5251,4467,4341,4300,1630,1625,1508,1337,1646
190442,ERL_138,ERL_138_dorsal_190442.JPG,74.1,5133,5042,4290,4144,4110,1647,1648,1587,1410,1739
190443,ERL_138,ERL_138_dorsal_190443.JPG,74.3,4365,4305,3721,3618,3569,2336,2324,2227,2089,2328
190444,ERL_138,ERL_138_dorsal_190444.JPG,74.3,4282,4209,3681,3588,3551,2325,2318,2229,2106,2342
190445,ERL_138,ERL_138_dorsal_190445.JPG,74.3,4304,4251,3668,3560,3529,2339,2334,2263,2111,2356
190446,ERL_138,ERL_138_dorsal_190446.JPG,74.1,5340,5244,4500,4347,4291,1647,1632,1533,1320,1680
190447,ERL_138,ERL_138_dorsal_190447.JPG,74.2,5773,5659,4855,4680,4579,1643,1628,1483,1220,1640
190448,ERL_138,ERL_138_dorsal_190448.JPG,74.2,4225,4174,3637,3551,3516,2344,2337,2251,2121,2342
190449,ERL_138,ERL_138_dorsal_190449.JPG,74.1,4001,3962,3502,3426,3396,2331,2325,2280,2175,2350
190450,ERL_138,ERL_138_dorsal_190450.JPG,74.3,4437,4349,3730,3579,3549,2359,2352,2315,2161,2427
185194,ERL006,ERL006_dorsal_185194.JPG,73,4352,4270,3586,3451,3448,2603,2592,2553,2393,2706
185195,ERL006,ERL006_dorsal_185195.JPG,73,4276,4199,3603,3469,3480,2611,2601,2620,2483,2768
185196,ERL006,ERL006_dorsal_185196.JPG,73,4662,4565,3730,3547,3558,2604,2608,2629,2442,2834
185197,ERL006,ERL006_dorsal_185197.JPG,73,4478,4381,3702,3551,3524,2629,2624,2552,2366,2702
185198,ERL006,ERL006_dorsal_185198.JPG,73,4437,4358,3650,3537,3507,2600,2594,2517,2365,2656
185199,ERL006,ERL006_dorsal_185199.JPG,73,4968,4879,3899,3683,3629,2620,2618,2506,2262,2733
185200,ERL006,ERL006_dorsal_185200.JPG,73,4159,4083,3535,3416,3407,2603,2598,2552,2426,2679
185201,ERL006,ERL006_dorsal_185201.JPG,73,4439,4338,3669,3520,3528,2601,2599,2599,2479,2760
185202,ERL006,ERL006_dorsal_185202.JPG,73,4875,4769,3874,3675,3662,2626,2624,2633,2410,2857
185203,ERL006,ERL006_dorsal_185203.JPG,73,4354,4263,3617,3509,3494,2624,2617,2593,2457,2707
185204,ERL006,ERL006_dorsal_185204.JPG,73,4419,4322,3646,3508,3513,2618,2613,2660,2514,2800
185205,ERL006,ERL006_dorsal_185205.JPG,73,4329,4246,3619,3504,3479,2600,2603,2554,2406,2698
185206,ERL006,ERL006_dorsal_185206.JPG,73,4446,4362,3682,3569,3534,2621,2613,2550,2409,2682
185207,ERL006,ERL006_dorsal_185207.JPG,73.4,4387,4301,3691,3553,3551,2606,2601,2601,2482,2734
185208,ERL006,ERL006_dorsal_185208.JPG,73.5,4577,4473,3779,3626,3620,2596,2591,2607,2452,2787
185209,ERL006,ERL006_dorsal_185209.JPG,73,4281,4196,3518,3371,3374,2602,2599,2575,2442,2739
185210,ERL006,ERL006_dorsal_185210.JPG,73,4238,4165,3509,3369,3358,2614,2613,2564,2404,2718
185211,ERL006,ERL006_dorsal_185211.JPG,73,4392,4299,3633,3536,3514,2598,2597,2525,2384,2678
185212,ERL006,ERL006_dorsal_185212.JPG,73.5,4334,4241,3649,3521,3516,2607,2606,2594,2444,2738
185213,ERL006,ERL006_dorsal_185213.JPG,73,4431,4341,3707,3574,3554,2601,2602,2554,2426,2687
185214,ERL006,ERL006_dorsal_185214.JPG,73,4345,4264,3625,3500,3458,2616,2614,2539,2373,2679
185215,ERL006,ERL006_dorsal_185215.JPG,73,4298,4223,3612,3533,3521,2612,2605,2581,2461,2716
185216,ERL006,ERL006_dorsal_185216.JPG,73.1,4340,4267,3620,3477,3485,2613,2608,2645,2519,2809
185217,ERL006,ERL006_dorsal_185217.JPG,73,4163,4088,3474,3336,3350,2609,2612,2622,2493,2776
185218,ERL006,ERL006_dorsal_185218.JPG,73,4398,4323,3694,3534,3552,2611,2610,2654,2499,2823
185219,ERL006,ERL006_dorsal_185219.JPG,73,4562,4463,3702,3540,3527,2626,2615,2617,2426,2784
185220,ERL006,ERL006_dorsal_185220.JPG,73.5,4275,4198,3586,3489,3458,2595,2585,2505,2380,2619
185221,ERL006,ERL006_dorsal_185221.JPG,73,4341,4261,3634,3518,3520,2618,2612,2606,2478,2744
185222,ERL006,ERL006_dorsal_185222.JPG,73,4422,4340,3649,3523,3489,2618,2610,2524,2367,2667
185223,ERL006,ERL006_dorsal_185223.JPG,73,4350,4263,3632,3510,3471,2606,2597,2513,2369,2636
185224,ERL006,ERL006_dorsal_185224.JPG,73,4367,4290,3674,3523,3516,2626,2622,2606,2466,2752
185225,ERL006,ERL006_dorsal_185225.JPG,73,4204,4131,3534,3411,3399,2596,2594,2534,2397,2672
185226,ERL006,ERL006_dorsal_185226.JPG,73,4356,4274,3663,3529,3504,2617,2614,2573,2408,2699
185227,ERL006,ERL006_dorsal_185227.JPG,73.5,4457,4365,3690,3565,3519,2610,2602,2523,2356,2662
185228,ERL006,ERL006_dorsal_185228.JPG,73,4449,4358,3689,3540,3536,2616,2610,2578,2414,2719
185229,ERL006,ERL006_dorsal_185229.JPG,73,4214,4140,3464,3311,3319,2608,2599,2593,2450,2774
185230,ERL006,ERL006_dorsal_185230.JPG,73,4436,4340,3696,3560,3536,2620,2616,2548,2411,2668
185231,ERL006,ERL006_dorsal_185231.JPG,73,4405,4311,3642,3492,3460,2613,2613,2557,2381,2714
185232,ERL006,ERL006_dorsal_185232.JPG,73,4473,4392,3703,3534,3503,2627,2620,2553,2353,2699
185233,ERL006,ERL006_dorsal_185233.JPG,73,4506,4401,3693,3550,3528,2604,2597,2522,2347,2676
185234,ERL006,ERL006_dorsal_185234.JPG,73,4299,4232,3566,3452,3425,2612,2609,2544,2399,2685
185235,ERL006,ERL006_dorsal_185235.JPG,73,4546,4441,3731,3585,3561,2621,2619,2548,2392,2710
185236,ERL006,ERL006_dorsal_185236.JPG,73,4378,4303,3655,3554,3554,2620,2614,2647,2512,2788
185237,ERL006,ERL006_dorsal_185237.JPG,73.5,4155,4078,3500,3365,3357,2603,2603,2575,2435,2700
185238,ERL006,ERL006_dorsal_185238.JPG,73,4426,4351,3712,3608,3578,2626,2617,2539,2384,2656
185239,ERL006,ERL006_dorsal_185239.JPG,73,4292,4209,3613,3471,3426,2595,2585,2475,2325,2606
185240,ERL006,ERL006_dorsal_185240.JPG,73,4512,4406,3724,3590,3590,2615,2615,2627,2500,2776
185241,ERL006,ERL006_dorsal_185241.JPG,73,4475,4404,3751,3659,3616,2625,2611,2540,2421,2668
185242,ERL006,ERL006_dorsal_185242.JPG,73,4333,4260,3612,3476,3464,2620,2611,2571,2426,2725
185243,ERL007,ERL006_dorsal_185243.JPG,73,4400,4314,3649,3515,3499,2612,2607,2571,2420,2720
185494,ERL033,ERL033_dorsal_185494.JPG,73,5552,5427,4561,4384,4341,2336,2322,2276,2066,2452
185495,ERL033,ERL033_dorsal_185495.JPG,73,4981,4899,4311,4151,4182,2265,2251,2299,2162,2436
185496,ERL033,ERL033_dorsal_185496.JPG,73,4967,4880,4316,4181,4156,2241,2234,2194,2049,2306
185497,ERL033,ERL033_dorsal_185497.JPG,73,5055,4958,4361,4231,4212,2247,2241,2186,2034,2315
185498,ERL033,ERL033_dorsal_185498.JPG,73,4852,4794,4263,4140,4109,2223,2218,2145,2006,2260
185499,ERL033,ERL033_dorsal_185499.JPG,73.1,4996,4903,4306,4162,4156,2218,2211,2162,2026,2313
185500,ERL033,ERL033_dorsal_185500.JPG,73.1,5194,5095,4439,4300,4264,2249,2242,2181,1998,2317
185501,ERL033,ERL033_dorsal_185501.JPG,72.9,5113,5018,4405,4261,4225,2235,2226,2128,1974,2279
185502,ERL033,ERL033_dorsal_185502.JPG,73,5119,5037,4403,4291,4244,2259,2250,2184,2006,2309
185503,ERL033,ERL033_dorsal_185503.JPG,72.9,4751,4666,4053,3871,3915,2216,2204,2158,2303,2030
185504,ERL033,ERL033_dorsal_185504.JPG,73,5245,5162,4402,4244,4249,2235,2232,2254,2114,2432
185505,ERL033,ERL033_dorsal_185505.JPG,73,5053,4965,4367,4214,4225,2265,2268,2293,2144,2433
185506,ERL033,ERL033_dorsal_185506.JPG,72.8,5229,5136,4495,4367,4325,2536,2527,2446,2285,2586
185507,ERL033,ERL033_dorsal_185507.JPG,72.9,5265,5156,4433,4234,4277,2215,2211,2233,2093,2426
185508,ERL033,ERL033_dorsal_185508.JPG,73,5189,5099,4417,4266,4233,2232,2226,2142,1984,2289
185509,ERL033,ERL033_dorsal_185509.JPG,73,5172,5080,4415,4272,4218,2249,2237,2148,1951,2279
185510,ERL033,ERL033_dorsal_185510.JPG,72.9,5290,5187,4426,4252,4217,2236,2229,2114,1945,2282
185511,ERL033,ERL033_dorsal_185511.JPG,73,4890,4819,4291,4171,4144,2224,2222,2174,2037,2286
185512,ERL033,ERL033_dorsal_185512.JPG,73,5284,5195,4467,4323,4233,2256,2244,2140,1912,2285
185513,ERL033,ERL033_dorsal_185513.JPG,73,4933,4853,4301,4206,4173,2226,2211,2135,2005,2277
185514,ERL033,ERL033_dorsal_185514.JPG,73,5222,5125,4438,4263,4268,2241,2231,2226,2073,2413
185515,ERL033,ERL033_dorsal_185515.JPG,73,5107,5012,4375,4249,4220,2233,2230,2169,2009,2299
185516,ERL033,ERL033_dorsal_185516.JPG,72.9,4937,4880,4339,4201,4201,2291,2289,2221,2093,2354
185517,ERL033,ERL033_dorsal_185517.JPG,73,5150,5063,4340,4217,4199,2253,2249,2199,1999,2349
185518,ERL033,ERL033_dorsal_185518.JPG,72.9,4934,4874,4301,4187,4186,2228,2230,2241,2111,2370
185519,ERL033,ERL033_dorsal_185519.JPG,73,5204,5107,4404,4230,4250,2263,2254,2297,2128,2475
185520,ERL033,ERL033_dorsal_185520.JPG,73.1,5058,4982,4359,4229,4191,2239,2238,2167,1981,2301
185521,ERL033,ERL033_dorsal_185521.JPG,73,4979,4894,4320,4220,4177,2242,2237,2195,2053,2315
185522,ERL033,ERL033_dorsal_185522.JPG,73.1,4937,4865,4269,4143,4115,2239,2235,2160,1997,2289
185523,ERL033,ERL033_dorsal_185523.JPG,73,4951,4876,4310,4181,4192,2248,2247,2261,2136,2418
185524,ERL033,ERL033_dorsal_185524.JPG,72.9,5086,5014,4410,4283,4257,2237,2230,2182,2031,2312
185525,ERL033,ERL033_dorsal_185525.JPG,73,5359,5268,4450,4227,4304,2243,2235,2102,2273,1878
185526,ERL033,ERL033_dorsal_185526.JPG,73,4574,4526,4023,3929,3928,2231,2225,2205,2086,2307
185527,ERL033,ERL033_dorsal_185527.JPG,72.9,5004,4939,4332,4204,4195,2313,2313,2301,2159,2440
185528,ERL033,ERL033_dorsal_185528.JPG,73.1,5377,5282,4460,4266,4262,2235,2230,2223,2043,2425
185529,ERL033,ERL033_dorsal_185529.JPG,72.8,5382,5289,4482,4317,4290,2334,2331,2264,2045,2419
185530,ERL033,ERL033_dorsal_185530.JPG,73,5164,5084,4416,4256,4232,2238,2235,2169,1990,2329
185531,ERL033,ERL033_dorsal_185531.JPG,73,4971,4891,4342,4213,4202,2223,2214,2166,2054,2322
185532,ERL033,ERL033_dorsal_185532.JPG,73,4983,4916,4363,4232,4218,2301,2300,2271,2137,2415
185533,ERL033,ERL033_dorsal_185533.JPG,72.9,4975,4908,4342,4213,4203,2246,2242,2221,2062,2341
185534,ERL033,ERL033_dorsal_185534.JPG,73.1,5250,5163,4411,4260,4233,2317,2316,2245,2071,2397
185535,ERL033,ERL033_dorsal_185535.JPG,72.9,5318,5219,4432,4276,4236,2244,2233,2103,1901,2288
185536,ERL033,ERL033_dorsal_185536.JPG,72.9,4915,4840,4271,4107,4127,2222,2225,2226,2377,2087
185537,ERL033,ERL033_dorsal_185537.JPG,73.1,5167,5073,4347,4166,4167,2244,2234,2230,2027,2412
185538,ERL033,ERL033_dorsal_185538.JPG,72.9,5224,5133,4437,4297,4272,2336,2327,2254,2069,2420
185539,ERL033,ERL033_dorsal_185539.JPG,73,5272,5201,4432,4266,4210,2245,2245,2134,1917,2288
185540,ERL033,ERL033_dorsal_185540.JPG,72.9,5295,5197,4433,4244,4245,2320,2308,2308,2129,2512
185541,ERL033,ERL033_dorsal_185541.JPG,73,4925,4848,4270,4156,4135,2232,2237,2166,2018,2295
185542,ERL033,ERL033_dorsal_185542.JPG,73,5149,5080,4406,4226,4235,2230,2232,2245,2077,2402
185543,ERL033,ERL033_dorsal_185543.JPG,73,5042,4961,4373,4220,4237,2223,2222,2209,2067,2382
190651,ERL125,ERL125_dorsal_190651.JPG,73.1,3986,3923,3238,3113,3115,2493,2489,2484,2352,2657
190652,ERL125,ERL125_dorsal_190652.JPG,72.9,3951,3877,3228,3094,3064,2505,2504,2417,2282,2570
190653,ERL125,ERL125_dorsal_190653.JPG,73,4253,4175,3343,3160,3154,2507,2505,2525,2363,2731
190654,ERL125,ERL125_dorsal_190654.JPG,73,3923,3852,3220,3124,3096,2510,2509,2501,2362,2656
190655,ERL125,ERL125_dorsal_190655.JPG,73,3818,3761,3158,2998,3004,2505,2506,2527,2395,2680
190656,ERL125,ERL125_dorsal_190656.JPG,72.8,3937,3866,3212,3061,3061,2511,2507,2501,2341,2654
190657,ERL125,ERL125_dorsal_190657.JPG,73.1,4066,3985,3239,3085,3061,2499,2494,2417,2249,2560
190658,ERL125,ERL125_dorsal_190658.JPG,73,3785,3740,3173,3032,3035,2501,2499,2485,2367,2600
190659,ERL125,ERL125_dorsal_190659.JPG,73,3986,3924,3237,3085,3098,2511,2506,2538,2410,2694
190660,ERL125,ERL125_dorsal_190660.JPG,73.1,3906,3848,3209,3086,3063,2483,2479,2427,2312,2579
190661,ERL125,ERL125_dorsal_190661.JPG,73,3945,3882,3237,3120,3076,2498,2492,2377,2240,2513
190662,ERL125,ERL125_dorsal_190662.JPG,73,3917,3865,3218,3108,3074,2531,2516,2457,2302,2580
190663,ERL125,ERL125_dorsal_190663.JPG,73,3871,3816,3171,3057,3016,2498,2495,2413,2253,2550
190664,ERL125,ERL125_dorsal_190664.JPG,72.9,4087,4014,3343,3222,3154,2523,2521,2407,2225,2534
190665,ERL125,ERL125_dorsal_190665.JPG,73.1,3985,3918,3246,3099,3114,2484,2480,2484,2375,2658
190666,ERL125,ERL125_dorsal_190666.JPG,73,3924,3849,3210,3082,3040,2506,2502,2402,2265,2536
190667,ERL125,ERL125_dorsal_190667.JPG,73.1,4001,3933,3230,3112,3104,2497,2495,2512,2372,2655
190668,ERL125,ERL125_dorsal_190668.JPG,73,3835,3781,3251,3125,3106,2492,2491,2501,2376,2634
190669,ERL125,ERL125_dorsal_190669.JPG,73,4106,4028,3324,3174,3099,2511,2502,2391,2197,2542
190670,ERL125,ERL125_dorsal_190670.JPG,72.9,3755,3705,3174,3075,3057,2503,2500,2477,2348,2591
190671,ERL125,ERL125_dorsal_190671.JPG,73,3797,3731,3181,3074,3048,2477,2474,2423,2291,2522
190672,ERL125,ERL125_dorsal_190672.JPG,73,3927,3858,3243,3111,3072,2503,2497,2427,2263,2553
190673,ERL125,ERL125_dorsal_190673.JPG,73,3940,3875,3202,3053,3041,2509,2504,2476,2338,2628
190674,ERL125,ERL125_dorsal_190674.JPG,72.9,4018,3947,3250,3149,3114,2510,2507,2428,2253,2554
190675,ERL125,ERL125_dorsal_190675.JPG,73,4055,3986,3287,3154,3126,2511,2507,2464,2302,2604
190676,ERL125,ERL125_dorsal_190676.JPG,73,4162,4080,3348,3186,3180,2528,2522,2530,2370,2700
190677,ERL125,ERL125_dorsal_190677.JPG,73,3957,3889,3256,3104,3106,2518,2512,2490,2615,2343
190678,ERL125,ERL125_dorsal_190678.JPG,72.9,3976,3910,3234,3092,3058,2510,2509,2471,2294,2591
190679,ERL125,ERL125_dorsal_190679.JPG,73.1,3939,3874,3199,3045,3015,2513,2508,2459,2270,2581
190680,ERL125,ERL125_dorsal_190680.JPG,73,4028,3961,3302,3141,3137,2523,2518,2521,2383,2668
190681,ERL125,ERL125_dorsal_190681.JPG,73.1,4084,3995,3303,3176,3146,2495,2488,2425,2253,2579
190682,ERL125,ERL125_dorsal_190682.JPG,72.9,3994,3930,3245,3085,3090,2515,2516,2539,2402,2704
190683,ERL125,ERL125_dorsal_190683.JPG,73.1,3993,3923,3217,3080,3060,2526,2515,2460,2294,2588
190684,ERL125,ERL125_dorsal_190684.JPG,73,3932,3854,3166,3025,2980,2491,2485,2373,2205,2508
190685,ERL125,ERL125_dorsal_190685.JPG,72.9,4091,4015,3306,3176,3146,2521,2511,2429,2266,2554
190686,ERL125,ERL125_dorsal_190686.JPG,73.1,3911,3848,3168,3004,3033,2500,2502,2533,2398,2698
190687,ERL125,ERL125_dorsal_190687.JPG,73,4062,3998,3287,3152,3118,2522,2514,2434,2264,2557
190688,ERL125,ERL125_dorsal_190688.JPG,73,4018,3949,3281,3150,3099,2502,2493,2401,2249,2533
190689,ERL125,ERL125_dorsal_190689.JPG,72.9,4178,4100,3318,3178,3138,2507,2505,2434,2249,2590
190690,ERL125,ERL125_dorsal_190690.JPG,73,3935,3868,3222,3077,3073,2509,2508,2522,2393,2681
190691,ERL125,ERL125_dorsal_190691.JPG,73,4080,4000,3303,3153,3132,2516,2509,2477,2317,2599
190692,ERL125,ERL125_dorsal_190692.JPG,73,3978,3916,3302,3146,3134,2500,2495,2475,2342,2625
190693,ERL125,ERL125_dorsal_190693.JPG,73,3844,3805,3283,3162,3152,2489,2490,2471,2348,2594
190694,ERL125,ERL125_dorsal_190694.JPG,72.9,4120,4068,3313,3181,3142,2506,2502,2422,2241,2587
190695,ERL125,ERL125_dorsal_190695.JPG,73,3993,3928,3220,3087,3051,2508,2503,2385,2204,2517
190697,ERL125,ERL125_dorsal_190697.JPG,72.9,3972,3910,3279,3163,3130,2516,2506,2434,2288,2569
190698,ERL125,ERL125_dorsal_190698.JPG,73,3714,3663,3135,3021,3018,2506,2506,2509,2408,2647
190699,ERL125,ERL125_dorsal_190699.JPG,73,4107,4018,3243,3135,3088,2514,2507,2413,2218,2534
190700,ERL125,ERL125_dorsal_190700.JPG,73,4045,3964,3262,3126,3089,2486,2482,2401,2227,2556
190251,ERL137,ERL137_dorsal_190251.JPG,72,5286,5205,4501,4343,4343,2547,2542,2567,2425,2738
190252,ERL137,ERL137_dorsal_190252.JPG,72,5382,5311,4530,4367,4329,2554,2548,2439,2270,2596
190253,ERL137,ERL137_dorsal_190253.JPG,72.1,5236,5174,4421,4265,4257,2551,2546,2511,2358,2679
190254,ERL137,ERL137_dorsal_190254.JPG,72,5444,5373,4462,4335,4291,2582,2571,2448,2240,2615
190255,ERL137,ERL137_dorsal_190255.JPG,72.1,5028,4965,4332,4233,4194,2562,2554,2511,2367,2626
190256,ERL137,ERL137_dorsal_190256.JPG,72,5468,5376,4637,4498,4458,2575,2569,2505,2303,2637
190257,ERL137,ERL137_dorsal_190257.JPG,72.7,5528,5370,4546,4384,4336,2567,2555,2424,2217,2581
190258,ERL137,ERL137_dorsal_190258.JPG,71.9,5405,5299,4497,4373,4330,2585,2576,2510,2317,2653
190259,ERL137,ERL137_dorsal_190259.JPG,72.5,5289,5214,4530,4370,4333,2572,2559,2498,2323,2643
190260,ERL137,ERL137_dorsal_190260.JPG,72,5065,5013,4397,4266,4240,2546,2541,2460,2313,2569
190261,ERL137,ERL137_dorsal_190261.JPG,72,5411,5329,4531,4382,4325,2550,2541,2432,2261,2576
190262,ERL137,ERL137_dorsal_190262.JPG,72.1,5381,5316,4546,4361,4361,2527,2536,2547,2428,2710
190263,ERL137,ERL137_dorsal_190263.JPG,72,5169,5095,4419,4299,4275,2560,2553,2485,2339,2612
190264,ERL137,ERL137_dorsal_190264.JPG,72,5333,5263,4480,4298,4299,2549,2549,2529,2368,2691
190265,ERL137,ERL137_dorsal_190265.JPG,72,5414,5313,4542,4402,4354,2587,2577,2496,2288,2613
190266,ERL137,ERL137_dorsal_190266.JPG,72.1,5238,5153,4460,4329,4311,2558,2552,2519,2381,2662
190267,ERL137,ERL137_dorsal_190267.JPG,72,5444,5349,4542,4367,4370,2584,2573,2579,2413,2741
190268,ERL137,ERL137_dorsal_190268.JPG,72,5211,5127,4430,4325,4285,2550,2546,2462,2286,2594
190269,ERL137,ERL137_dorsal_190269.JPG,72.6,5280,5215,4483,4327,4310,2560,2554,2527,2376,2690
190270,ERL137,ERL137_dorsal_190270.JPG,72,5236,5177,4498,4339,4323,2541,2538,2477,2327,2609
190271,ERL137,ERL137_dorsal_190271.JPG,72,5420,5333,4513,4368,4335,2550,2541,2453,2263,2607
190272,ERL137,ERL137_dorsal_190272.JPG,72.5,5070,5010,4366,4267,4233,2559,2556,2501,2348,2607
190273,ERL137,ERL137_dorsal_190273.JPG,72,5601,5489,4669,4524,4494,2546,2541,2518,2343,2683
190274,ERL137,ERL137_dorsal_190274.JPG,72.5,5296,5232,4497,4356,4330,2541,2538,2457,2318,2609
190275,ERL137,ERL137_dorsal_190275.JPG,72,5439,5345,4498,4377,4332,2570,2556,2461,2262,2628
190276,ERL137,ERL137_dorsal_190276.JPG,72,5210,5153,4470,4351,4319,2560,2556,2448,2308,2563
190277,ERL137,ERL137_dorsal_190277.JPG,72,5347,5268,4564,4433,4389,2550,2545,2456,2292,2603
190278,ERL137,ERL137_dorsal_190278.JPG,72.1,5296,5219,4496,4350,4336,2549,2539,2498,2358,2639
190279,ERL137,ERL137_dorsal_190279.JPG,72.7,5324,5249,4516,4385,4346,2556,2550,2457,2288,2579
190280,ERL137,ERL137_dorsal_190280.JPG,72,4865,4815,4262,4167,4149,2552,2549,2528,2397,2628
190281,ERL137,ERL137_dorsal_190281.JPG,72.5,5252,5192,4477,4345,4326,2573,2568,2515,2347,2630
190282,ERL137,ERL137_dorsal_190282.JPG,72.1,5244,5150,4448,4340,4309,2563,2563,2498,2330,2610
190283,ERL137,ERL137_dorsal_190283.JPG,72.1,5280,5214,4491,4318,4275,2554,2548,2460,2296,2575
190284,ERL137,ERL137_dorsal_190284.JPG,72,5287,5209,4517,4378,4360,2555,2550,2524,2380,2659
190285,ERL137,ERL137_dorsal_190285.JPG,72.1,5379,5302,4541,4382,4364,2573,2566,2458,2291,2638
190286,ERL137,ERL137_dorsal_190286.JPG,72,5379,5282,4556,4390,4338,2577,2565,2501,2319,2667
190287,ERL137,ERL137_dorsal_190287.JPG,71.9,5086,5022,4371,4248,4225,2561,2552,2491,2326,2611
190288,ERL137,ERL137_dorsal_190288.JPG,72.5,5385,5296,4558,4390,4386,2567,2565,2579,2422,2718
190289,ERL137,ERL137_dorsal_190289.JPG,72,5240,5166,4436,4319,4248,2560,2552,2407,2238,2560
190290,ERL137,ERL137_dorsal_190290.JPG,72,5438,5333,4577,4418,4388,2572,2570,2497,2296,2645
190291,ERL137,ERL137_dorsal_190291.JPG,72,5376,5315,4491,4372,4336,2565,2555,2502,2334,2660
190292,ERL137,ERL137_dorsal_190292.JPG,72.1,5163,5096,4446,4340,4313,2546,2547,2471,2332,2582
190293,ERL137,ERL137_dorsal_190293.JPG,72,5231,5152,4474,4346,4308,2554,2550,2472,2303,2599
190294,ERL137,ERL137_dorsal_190294.JPG,72.7,5175,5116,4412,4268,4252,2562,2561,2517,2351,2624
190295,ERL137,ERL137_dorsal_190295.JPG,72.6,5266,5179,4466,4318,4292,2563,2562,2525,2358,2642
190296,ERL137,ERL137_dorsal_190296.JPG,72.6,5250,5177,4496,4327,4337,2557,2552,2582,2446,2746
190297,ERL137,ERL137_dorsal_190297.JPG,72,5334,5275,4538,4388,4376,2561,2557,2521,2366,2692
190298,ERL137,ERL137_dorsal_190298.JPG,72,5298,5232,4564,4431,4397,2555,2545,2511,2373,2645
190299,ERL137,ERL137_dorsal_190299.JPG,72,5190,5128,4466,4346,4319,2567,2567,2513,2347,2635
190300,ERL137,ERL137_dorsal_190300.JPG,72.6,5278,5204,4503,4351,4332,2547,2541,2467,2309,2601
190001,ERL84,ERL84_dorsal_190001.JPG,73,5150,5073,4457,4313,4301,2551,2547,2524,2390,2630
190002,ERL84,ERL84_dorsal_190002.JPG,73,5202,5126,4447,4313,4304,2554,2547,2506,2373,2651
190003,ERL84,ERL84_dorsal_190003.JPG,73,5789,5681,4695,4492,4444,2554,2555,2491,2238,2698
190004,ERL84,ERL84_dorsal_190004.JPG,73,5129,5047,4440,4294,4276,2564,2559,2536,2389,2645
190005,ERL84,ERL84_dorsal_190005.JPG,73,5091,5018,4424,4288,4290,2544,2543,2520,2422,2666
190006,ERL84,ERL84_dorsal_190006.JPG,73,5353,5257,4510,4360,4354,2552,2546,2505,2368,2660
190007,ERL84,ERL84_dorsal_190007.JPG,73,5234,5144,4511,4336,4354,2562,2558,2583,2472,2740
190008,ERL84,ERL84_dorsal_190008.JPG,73,5042,4986,4416,4270,4278,2564,2562,2546,2400,2653
190009,ERL84,ERL84_dorsal_190009.JPG,72.9,5044,4982,4354,4212,4214,2537,2537,2489,2379,2630
190010,ERL84,ERL84_dorsal_190010.JPG,73.1,5354,5259,4518,4400,4374,2552,2546,2467,2295,2590
190011,ERL84,ERL84_dorsal_190011.JPG,73,5124,5036,4434,4282,4290,2534,2529,2519,2425,2670
190012,ERL84,ERL84_dorsal_190012.JPG,72.9,5176,5094,4520,4404,4357,2539,2537,2472,2313,2557
190013,ERL84,ERL84_dorsal_190013.JPG,73,5083,4997,4428,4310,4290,2550,2550,2545,2398,2648
190014,ERL84,ERL84_dorsal_190014.JPG,73,5358,5258,4515,4391,4337,2569,2563,2498,2290,2618
190015,ERL84,ERL84_dorsal_190015.JPG,72.9,4996,4924,4348,4234,4207,2531,2543,2493,2374,2616
190016,ERL84,ERL84_dorsal_190016.JPG,73,5113,5040,4456,4329,4320,2555,2553,2493,2375,2620
190017,ERL84,ERL84_dorsal_190017.JPG,73,5314,5202,4475,4347,4338,2549,2552,2450,2280,2543
190018,ERL84,ERL84_dorsal_190018.JPG,73,5109,5031,4416,4306,4297,2550,2554,2542,2393,2641
190019,ERL84,ERL84_dorsal_190019.JPG,72.9,5522,5400,4541,4354,4296,2546,2528,2396,2185,2596
190020,ERL84,ERL84_dorsal_190020.JPG,73,5063,4985,4354,4239,4240,2554,2553,2553,2451,2706
190021,ERL84,ERL84_dorsal_190021.JPG,73,5049,4976,4355,4221,4214,2550,2541,2520,2418,2665
190022,ERL84,ERL84_dorsal_190022.JPG,73,5011,4933,4344,4216,4230,2536,2538,2558,2470,2685
190023,ERL84,ERL84_dorsal_190023.JPG,73.1,5131,5029,4460,4340,4317,2553,2547,2499,2332,2614
190024,ERL84,ERL84_dorsal_190024.JPG,73,5149,5053,4443,4300,4283,2540,2533,2455,2314,2601
190025,ERL84,ERL84_dorsal_190025.JPG,73,5218,5134,4456,4309,4300,2564,2559,2506,2379,2626
190026,ERL84,ERL84_dorsal_190026.JPG,72.9,5143,5081,4461,4341,4344,2553,2555,2550,2452,2703
190027,ERL84,ERL84_dorsal_190027.JPG,72.9,5071,4986,4374,4245,4216,2501,2490,2431,2295,2586
190028,ERL84,ERL84_dorsal_190028.JPG,73,5248,5151,4494,4338,4339,2559,2559,2585,2422,2750
190029,ERL84,ERL84_dorsal_190029.JPG,73,5052,4972,4386,4259,4261,2550,2545,2559,2462,2696
190030,ERL84,ERL84_dorsal_190030.JPG,73,4891,4798,4201,4057,4063,2537,2546,2585,2465,2750
190031,ERL84,ERL84_dorsal_190031.JPG,72.9,5164,5074,4472,4334,4334,2544,2536,2501,2388,2640
190032,ERL84,ERL84_dorsal_190032.JPG,73,5166,5100,4458,4314,4319,2561,2559,2582,2447,2741
190033,ERL84,ERL84_dorsal_190033.JPG,73,5146,5059,4395,4280,4293,2549,2546,2558,2450,2710
190034,ERL84,ERL84_dorsal_190034.JPG,73,5381,5280,4539,4383,4354,2568,2564,2575,2373,2706
190035,ERL84,ERL84_dorsal_190035.JPG,72.9,5050,4994,4381,4275,4295,2536,2538,2579,2462,2704
190036,ERL84,ERL84_dorsal_190036.JPG,73,5015,4933,4299,4214,4221,2541,2534,2535,2449,2660
190037,ERL84,ERL84_dorsal_190037.JPG,73.5,4977,4900,4309,4210,4173,2224,2218,2178,2065,2291
190038,ERL84,ERL84_dorsal_190038.JPG,72.9,5076,5019,4436,4295,4278,2525,2520,2505,2372,2599
190039,ERL84,ERL84_dorsal_190039.JPG,73,5043,4970,4366,4247,4241,2554,2549,2554,2457,2691
190040,ERL84,ERL84_dorsal_190040.JPG,73,5034,4963,4375,4273,4246,2558,2554,2519,2393,2620
190041,ERL84,ERL84_dorsal_190041.JPG,72.9,5091,5017,4382,4274,4260,2554,2548,2529,2403,2658
190042,ERL84,ERL84_dorsal_190042.JPG,73,5100,5017,4432,4334,4319,2542,2536,2504,2401,2626
190043,ERL84,ERL84_dorsal_190043.JPG,73,5211,5128,4444,4305,4306,2562,2553,2542,2408,2702
190044,ERL84,ERL84_dorsal_190044.JPG,73,5236,5141,4475,4337,4283,2544,2540,2471,2286,2580
190045,ERL84,ERL84_dorsal_190045.JPG,73,5127,5031,4443,4311,4302,2553,2547,2544,2390,2670
190046,ERL84,ERL84_dorsal_190046.JPG,72.8,5076,5003,4403,4308,4285,2547,2546,2511,2356,2595
190047,ERL84,ERL84_dorsal_190047.JPG,73,5111,5034,4439,4340,4297,2569,2564,2521,2357,2605
190048,ERL84,ERL84_dorsal_190048.JPG,73,5277,5187,4499,4373,4371,2532,2526,2484,2373,2640
190049,ERL84,ERL84_dorsal_190049.JPG,73,5054,4981,4481,4330,4294,2547,2549,2459,2318,2581
190050,ERL84,ERL84_dorsal_190050.JPG,72.9,5184,5079,4458,4310,4349,2538,2541,2579,2466,2768
185144,L26,L26_dorsal_185144.JPG,73,5264,5177,4477,4321,4298,2319,2313,2258,2087,2427
185145,L26,L26_dorsal_185145.JPG,73,4967,4897,4353,4221,4197,2309,2306,2238,2102,2363
185146,L26,L26_dorsal_185146.JPG,73,5371,5260,4515,4332,4289,2331,2327,2244,2051,2399
185147,L26,L26_dorsal_185147.JPG,73,5197,5101,4450,4304,4270,2320,2320,2259,2083,2394
185148,L26,L26_dorsal_185148.JPG,73.1,5320,5220,4464,4290,4272,2319,2307,2240,2049,2427
185149,L26,L26_dorsal_185149.JPG,73,5484,5359,4548,4395,4343,2341,2326,2162,1956,2339
185150,L26,L26_dorsal_185150.JPG,73,5120,5027,4372,4221,4196,2299,2292,2255,2107,2428
185151,L26,L26_dorsal_185151.JPG,73,5071,4995,4402,4251,4219,2317,2308,2250,2087,2387
185152,L26,L26_dorsal_185152.JPG,72.9,5410,5287,4446,4240,4174,2335,2325,2212,1987,2417
185153,L26,L26_dorsal_185153.JPG,73,5477,5357,4498,4334,4268,2361,2340,2253,1998,2424
185154,L26,L26_dorsal_185154.JPG,73,5290,5181,4480,4330,4306,2318,2308,2221,2026,2379
185155,L26,L26_dorsal_185155.JPG,73,5433,5326,4448,4330,4299,2327,2315,2226,2035,2409
185156,L26,L26_dorsal_185156.JPG,73,5144,5068,4424,4313,4256,2316,2314,2225,2056,2362
185157,L26,L26_dorsal_185157.JPG,73.1,4981,4897,4267,4115,4108,2330,2328,2331,2166,2486
185158,L26,L26_dorsal_185158.JPG,73.1,5249,5145,4412,4234,4221,2310,2314,2260,2089,2436
185159,L26,L26_dorsal_185159.JPG,73.1,5474,5361,4489,4327,4294,2333,2326,2264,2086,2436
185160,L26,L26_dorsal_185160.JPG,73.1,5093,5012,4383,4242,4215,2316,2304,2212,2051,2363
185161,L26,L26_dorsal_185161.JPG,73,5332,5233,4441,4288,4255,2334,2327,2284,2080,2447
185162,L26,L26_dorsal_185162.JPG,73,5128,5042,4399,4253,4257,2318,2316,2318,2152,2469
185163,L26,L26_dorsal_185163.JPG,73,5107,5020,4401,4269,4229,2318,2312,2230,2064,2373
185164,L26,L26_dorsal_185164.JPG,73,5146,5065,4353,4199,4148,2326,2315,2213,2015,2350
185165,L26,L26_dorsal_185165.JPG,72.9,5066,4992,4373,4231,4200,2322,2322,2273,2097,2399
185166,L26,L26_dorsal_185166.JPG,73,5914,5761,4817,4576,4549,2339,2333,2319,2060,2538
185167,L26,L26_dorsal_185167.JPG,73.1,5500,5401,4531,4358,4289,2350,2338,2208,1965,2366
185168,L26,L26_dorsal_185168.JPG,72.9,5228,5125,4440,4251,4257,2319,2321,2351,2188,2523
185169,L26,L26_dorsal_185169.JPG,73,5269,5163,4387,4233,4189,2332,2317,2214,2011,2374
185170,L26,L26_dorsal_185170.JPG,72.8,4948,4834,4026,3834,3812,2742,2737,2704,2509,2894
185171,L26,L26_dorsal_185171.JPG,73,5441,5349,4574,4404,4400,2326,2321,2298,2107,2464
185172,L26,L26_dorsal_185172.JPG,73.1,5793,5667,4725,4479,4458,2350,2350,2325,2074,2544
185173,L26,L26_dorsal_185173.JPG,73.1,5254,5168,4486,4340,4289,2315,2312,2234,2051,2376
185174,L26,L26_dorsal_185174.JPG,73,5063,4985,4388,4254,4238,2320,2314,2274,2112,2410
185175,L26,L26_dorsal_185175.JPG,73,5133,5046,4401,4258,4220,2327,2320,2230,2053,2336
185176,L26,L26_dorsal_185176.JPG,73,5124,5026,4389,4224,4221,2305,2297,2284,2130,2444
185177,L26,L26_dorsal_185177.JPG,73,5147,5067,4463,4311,4312,2321,2318,2336,2185,2481
185178,L26,L26_dorsal_185178.JPG,73,5200,5105,4415,4226,4228,2322,2319,2310,2146,2495
185179,L26,L26_dorsal_185179.JPG,73,5170,5077,4411,4282,4249,2322,2315,2255,2092,2390
185180,L26,L26_dorsal_185180.JPG,73,4955,4891,4322,4196,4160,2302,2289,2178,2036,2308
185181,L26,L26_dorsal_185181.JPG,73,5193,5105,4448,4293,4304,2317,2309,2290,2143,2444
185182,L26,L26_dorsal_185182.JPG,73,5133,5041,4404,4279,4236,2331,2326,2283,2122,2419
185183,L26,L26_dorsal_185183.JPG,73,5068,4996,4383,4273,4264,2321,2318,2276,2132,2405
185184,L26,L26_dorsal_185184.JPG,73,5109,5018,4403,4279,4258,2305,2303,2244,2097,2385
185185,L26,L26_dorsal_185185.JPG,73,5477,5371,4546,4362,4360,2316,2300,2262,2115,2504
185186,L26,L26_dorsal_185186.JPG,73.1,5016,4941,4348,4234,4189,2317,2311,2240,2077,2369
185187,L26,L26_dorsal_185187.JPG,73.1,5041,4963,4328,4188,4200,2314,2305,2314,2183,2467
185188,L26,L26_dorsal_185188.JPG,73,5502,5396,4452,4238,4203,2327,2323,2292,2061,2513
185189,L26,L26_dorsal_185189.JPG,73,4929,4829,4095,3927,3866,2283,2281,2163,1978,2378
185190,L26,L26_dorsal_185190.JPG,73.1,5507,5378,4529,4382,4319,2338,2320,2195,1997,2353
185191,L26,L26_dorsal_185191.JPG,73.1,5484,5350,4422,4253,4223,2327,2307,2241,2031,2431
185192,L26,L26_dorsal_185192.JPG,73,5574,5431,4594,4389,4374,2311,2307,2264,2074,2454
185193,L26,L26_dorsal_185193.JPG,73.1,5868,5709,4805,4593,4571,2335,2323,2288,2078,2524
190809,TUL_008,TUL_008_dorsal_190809.JPG,73,4607,4569,4015,3950,3937,2260,2259,2219,2102,2330
190810,TUL_008,TUL_008_dorsal_190810.JPG,73.2,5288,5208,4404,4289,4265,2289,2286,2254,2101,2418
190812,TUL_008,TUL_008_dorsal_190812.JPG,73,4752,4712,4101,3989,3983,2268,2269,2233,2111,2374
190813,TUL_008,TUL_008_dorsal_190813.JPG,73,4970,4915,4222,4102,4075,2256,2249,2178,2020,2315
190814,TUL_008,TUL_008_dorsal_190814.JPG,73,4767,4735,4121,4023,4015,2251,2246,2215,2093,2359
190815,TUL_008,TUL_008_dorsal_190815.JPG,73.1,4710,4676,4105,4009,3992,2271,2274,2262,2136,2375
190816,TUL_008,TUL_008_dorsal_190816.JPG,73.1,4652,4609,4068,3967,3953,2270,2271,2239,2100,2325
190817,TUL_008,TUL_008_dorsal_190817.JPG,73.5,4285,4225,3517,3369,3390,2309,2319,2396,2260,2531
190818,TUL_008,TUL_008_dorsal_190818.JPG,73.1,4791,4742,4108,4023,4000,2259,2256,2204,2089,2337
190819,TUL_008,TUL_008_dorsal_190819.JPG,73,4947,4890,4225,4103,4089,2259,2257,2224,2089,2356
190820,TUL_008,TUL_008_dorsal_190820.JPG,73,4760,4720,4098,3994,3974,2267,2266,2196,2049,2302
190821,TUL_008,TUL_008_dorsal_190821.JPG,73.1,5034,4982,4319,4176,4178,2283,2281,2250,2111,2405
190822,TUL_008,TUL_008_dorsal_190822.JPG,73.1,5357,5267,4470,4234,4267,2285,2278,2268,2118,2470
190823,TUL_008,TUL_008_dorsal_190823.JPG,73,4761,4715,4098,3995,3982,2259,2257,2216,2115,2345
190824,TUL_008,TUL_008_dorsal_190824.JPG,73.1,5212,5140,4338,4208,4194,2278,2272,2220,2070,2380
190825,TUL_008,TUL_008_dorsal_190825.JPG,73.1,4757,4706,4118,4042,4030,2264,2260,2233,2106,2342
190826,TUL_008,TUL_008_dorsal_190826.JPG,73.1,4992,4943,4229,4110,4087,2275,2271,2151,1983,2288
190827,TUL_008,TUL_008_dorsal_190827.JPG,73.6,5225,5150,4329,4201,4170,2250,2250,2196,2042,2366
190828,TUL_008,TUL_008_dorsal_190828.JPG,73,4677,4639,4059,3967,3945,2255,2255,2238,2099,2345
190829,TUL_008,TUL_008_dorsal_190829.JPG,73,4790,4749,4155,4043,4038,2259,2261,2244,2152,2376
190830,TUL_008,TUL_008_dorsal_190830.JPG,73.1,5414,5324,4383,4203,4203,2257,2258,2278,2116,2498
190831,TUL_008,TUL_008_dorsal_190831.JPG,73,4902,4852,4223,4126,4112,2262,2262,2236,2090,2342
190832,TUL_008,TUL_008_dorsal_190832.JPG,73.3,5270,5170,4386,4221,4218,2278,2276,2267,2132,2448
190833,TUL_008,TUL_008_dorsal_190833.JPG,72.9,5020,4962,4229,4126,4073,2278,2276,2182,2001,2293
190834,TUL_008,TUL_008_dorsal_190834.JPG,73,5064,5026,4287,4165,4131,2278,2278,2191,2042,2333
190835,TUL_008,TUL_008_dorsal_190835.JPG,73,5056,4997,4309,4176,4158,2279,2277,2261,2136,2438
190836,TUL_008,TUL_008_dorsal_190836.JPG,73,5028,4976,4233,4098,4071,2269,2266,2195,2016,2352
190837,TUL_008,TUL_008_dorsal_190837.JPG,73.2,4962,4913,4218,4105,4085,2268,2265,2210,2052,2356
190838,TUL_008,TUL_008_dorsal_190838.JPG,73.1,4971,4913,4244,4100,4079,2252,2248,2181,2047,2335
190839,TUL_008,TUL_008_dorsal_190839.JPG,73,4854,4808,4169,4057,4057,2251,2252,2215,2074,2338
190840,TUL_008,TUL_008_dorsal_190840.JPG,73,5015,4962,4302,4191,4148,2285,2285,2179,2010,2315
190841,TUL_008,TUL_008_dorsal_190841.JPG,73.2,5286,5197,4384,4221,4179,2251,2248,2125,1953,2290
190842,TUL_008,TUL_008_dorsal_190842.JPG,73.3,4310,4256,3539,3410,3396,2310,2306,2268,2151,2429
190843,TUL_008,TUL_008_dorsal_190843.JPG,73.1,4988,4932,4207,4065,4046,2263,2263,2197,2041,2339
190844,TUL_008,TUL_008_dorsal_190844.JPG,73.2,4783,4747,4164,4041,4032,2250,2249,2202,2088,2328
190845,TUL_008,TUL_008_dorsal_190845.JPG,73,4733,4692,4125,4054,4052,2255,2249,2207,2103,2324
190846,TUL_008,TUL_008_dorsal_190846.JPG,73.3,5154,5107,4380,4220,4206,2251,2244,2224,2099,2397
190847,TUL_008,TUL_008_dorsal_190847.JPG,73,5025,4970,4322,4182,4181,2247,2250,2204,2101,2359
190848,TUL_008,TUL_008_dorsal_190848.JPG,73.1,5288,5197,4405,4275,4207,2274,2269,2188,1981,2328
190849,TUL_008,TUL_008_dorsal_190849.JPG,73,4918,4869,4174,4029,4022,2275,2272,2173,2036,2312
190850,TUL_008,TUL_008_dorsal_190850.JPG,73.1,4959,4904,4259,4129,4128,2245,2244,2195,2099,2344
190851,TUL_008,TUL_008_dorsal_190851.JPG,73.2,5255,5180,4398,4226,4225,2284,2281,2299,2127,2449
190852,TUL_008,TUL_008_dorsal_190852.JPG,73.5,5513,5429,4486,4298,4283,2309,2307,2243,2047,2416
190853,TUL_008,TUL_008_dorsal_190853.JPG,73.2,5415,5325,4466,4276,4221,2291,2291,2171,1984,2321
190854,TUL_008,TUL_008_dorsal_190854.JPG,73.1,4747,4708,4112,4015,4016,2258,2260,2240,2103,2348
190855,TUL_008,TUL_008_dorsal_190855.JPG,73,4933,4878,4232,4133,4098,2304,2296,2267,2094,2354
190856,TUL_008,TUL_008_dorsal_190856.JPG,73.1,4761,4721,4118,4012,4000,2253,2250,2194,2079,2312
190857,TUL_008,TUL_008_dorsal_190857.JPG,73.4,4326,4255,3499,3331,3300,2315,2306,2229,2065,2358
190858,TUL_008,TUL_008_dorsal_190858.JPG,73,5089,5022,4262,4130,4097,2280,2274,2231,2057,2378
190701,Tul_010,Tul_010_dorsal_190701.JPG,74,5233,5159,4431,4311,4302,2222,2229,2261,2101,2411
190702,Tul_010,Tul_010_dorsal_190702.JPG,74,5795,5698,4947,4815,4771,2216,2209,2110,1965,2234
190703,Tul_010,Tul_010_dorsal_190703.JPG,74.1,5161,5089,4387,4273,4261,2226,2214,2187,2075,2322
190704,Tul_010,Tul_010_dorsal_190704.JPG,74,5566,5504,4831,4715,4688,2230,2230,2138,1991,2212
190705,Tul_010,Tul_010_dorsal_190705.JPG,74,5542,5473,4769,4661,4624,2217,2212,2110,1972,2212
190706,Tul_010,Tul_010_dorsal_190706.JPG,74.1,5601,5540,4828,4727,4730,2194,2188,2156,2068,2301
190707,Tul_010,Tul_010_dorsal_190707.JPG,74.1,5506,5409,4628,4502,4463,2240,2234,2173,2001,2318
190708,Tul_010,Tul_010_dorsal_190708.JPG,74.1,5389,5344,4783,4679,4663,2209,2203,2158,2035,2258
190709,Tul_010,Tul_010_dorsal_190709.JPG,74,5414,5365,4741,4634,4625,2213,2210,2181,2084,2300
190710,Tul_010,Tul_010_dorsal_190710.JPG,74.1,5411,5359,4780,4680,4641,2220,2215,2118,2001,2204
190711,Tul_010,Tul_010_dorsal_190711.JPG,74,5196,5111,4392,4236,4221,2221,2219,2212,2059,2356
190712,Tul_010,Tul_010_dorsal_190712.JPG,74.1,5464,5412,4845,4749,4728,2225,2229,2192,2068,2279
190713,Tul_010,Tul_010_dorsal_190713.JPG,74,5501,5444,4793,4691,4698,2226,2226,2230,2141,2359
190714,Tul_010,Tul_010_dorsal_190714.JPG,74,5356,5274,4474,4361,4347,2229,2221,2134,1980,2284
190715,Tul_010,Tul_010_dorsal_190715.JPG,74.1,5789,5649,4564,4352,4349,2265,2255,2248,2019,2510
190716,Tul_010,Tul_010_dorsal_190716.JPG,74,5654,5585,4845,4712,4682,2224,2212,2136,2013,2257
190717,Tul_010,Tul_010_dorsal_190717.JPG,73.9,5257,5166,4435,4319,4284,2221,2213,2123,1995,2275
190718,Tul_010,Tul_010_dorsal_190718.JPG,74,5059,5010,4318,4198,4164,2226,2220,2152,1997,2247
190719,Tul_010,Tul_010_dorsal_190719.JPG,74.1,5185,5146,4624,4534,4513,2207,2206,2169,2072,2264
190720,Tul_010,Tul_010_dorsal_190720.JPG,74,5587,5502,4815,4707,4703,2214,2212,2224,2132,2348
190721,Tul_010,Tul_010_dorsal_190721.JPG,74,5592,5511,4863,4708,4728,2226,2225,2248,2123,2388
190722,Tul_010,Tul_010_dorsal_190722.JPG,74.1,5661,5568,4878,4761,4715,2232,2232,2172,2002,2261
190723,Tul_010,Tul_010_dorsal_190723.JPG,74.1,5380,5333,4746,4624,4607,2222,2216,2164,2055,2275
190724,Tul_010,Tul_010_dorsal_190724.JPG,74,5192,5146,4637,4534,4523,2224,2220,2177,2083,2281
190725,Tul_010,Tul_010_dorsal_190725.JPG,74.1,5291,5214,4487,4337,4307,2228,2226,2139,2001,2278
190726,Tul_010,Tul_010_dorsal_190726.JPG,74.1,5373,5318,4769,4695,4658,2214,2214,2125,2010,2212
190727,Tul_010,Tul_010_dorsal_190727.JPG,74.1,5234,5178,4641,4568,4541,2213,2217,2167,2061,2261
190728,Tul_010,Tul_010_dorsal_190728.JPG,74.2,5309,5282,4776,4694,4671,2196,2194,2147,2059,2250
190729,Tul_010,Tul_010_dorsal_190729.JPG,74.1,5277,5240,4661,4560,4553,2226,2223,2178,2053,2255
190730,Tul_010,Tul_010_dorsal_190730.JPG,74.1,5287,5231,4679,4598,4576,2200,2196,2125,2041,2245
190731,Tul_010,Tul_010_dorsal_190731.JPG,74.1,5432,5375,4733,4650,4611,2209,2210,2129,1992,2224
190732,Tul_010,Tul_010_dorsal_190732.JPG,73.9,5283,5231,4569,4439,4418,2219,2218,2160,2045,2301
190733,Tul_010,Tul_010_dorsal_190733.JPG,74.1,5328,5237,4504,4399,4356,2211,2210,2131,1979,2256
190734,Tul_010,Tul_010_dorsal_190734.JPG,74.1,5426,5392,4776,4698,4671,2217,2214,2118,1999,2194
190735,Tul_010,Tul_010_dorsal_190735.JPG,74,5077,5008,4314,4203,4155,2197,2192,2085,1959,2218
190736,Tul_010,Tul_010_dorsal_190736.JPG,74.1,5426,5381,4797,4691,4708,2208,2207,2236,2148,2344
190737,Tul_010,Tul_010_dorsal_190737.JPG,74.1,5357,5310,4733,4615,4590,2221,2220,2153,2022,2251
190738,Tul_010,Tul_010_dorsal_190738.JPG,74.1,5523,5473,4765,4656,4631,2233,2229,2155,2027,2256
190739,Tul_010,Tul_010_dorsal_190739.JPG,74,5346,5260,4523,4405,4355,2238,2229,2141,1969,2265
190740,Tul_010,Tul_010_dorsal_190740.JPG,74.1,5661,5574,4903,4794,4771,2209,2206,2120,1969,2237
190741,Tul_010,Tul_010_dorsal_190741.JPG,74,5131,5060,4304,4151,4146,2233,2230,2151,1978,2284
190742,Tul_010,Tul_010_dorsal_190742.JPG,74.1,5432,5367,4780,4693,4669,2208,2204,2133,2021,2238
190743,Tul_010,Tul_010_dorsal_190743.JPG,74,5642,5558,4900,4770,4757,2229,2230,2223,2099,2359
190744,Tul_010,Tul_010_dorsal_190744.JPG,74,5353,5304,4753,4680,4660,2230,2229,2143,2028,2211
190745,Tul_010,Tul_010_dorsal_190745.JPG,74.1,5347,5313,4755,4642,4621,2213,2205,2133,2018,2222
190746,Tul_010,Tul_010_dorsal_190746.JPG,74,5113,5053,4338,4223,4175,2218,2213,2057,1922,2172
190747,Tul_010,Tul_010_dorsal_190747.JPG,74.1,5260,5199,4674,4590,4570,2233,2229,2192,2076,2265
190748,Tul_010,Tul_010_dorsal_190748.JPG,74.1,5387,5331,4787,4697,4677,2213,2209,2128,2034,2238
190749,Tul_010,Tul_010_dorsal_190749.JPG,74,5522,5465,4859,4745,4745,2219,2219,2240,2121,2354
190750,Tul_010,Tul_010_dorsal_190750.JPG,74.1,5578,5511,4796,4697,4654,2246,2237,2110,1960,2219
188101,TULX008,TULX008_dorsal_188101.JPG,73,4977,4922,4309,4195,4182,2376,2375,2342,2200,2458
188102,TULX008,TULX008_dorsal_188102.JPG,73,5259,5176,4448,4314,4264,2329,2321,2223,2030,2347
188103,TULX008,TULX008_dorsal_188103.JPG,73,5239,5137,4428,4291,4298,2314,2319,2340,2195,2509
188104,TULX008,TULX008_dorsal_188104.JPG,73,5570,5483,4669,4501,4505,2332,2326,2286,2126,2488
188105,TULX008,TULX008_dorsal_188105.JPG,73,5701,5601,4684,4481,4441,2347,2328,2288,2048,2502
188106,TULX008,TULX008_dorsal_188106.JPG,73,5307,5185,4473,4339,4284,2318,2316,2238,2052,2348
188107,TULX008,TULX008_dorsal_188107.JPG,73,5098,5010,4380,4242,4254,2398,2391,2424,2279,2580
188108,TULX008,TULX008_dorsal_188108.JPG,73,5409,5305,4470,4333,4263,2423,2410,2331,2109,2448
188109,TULX008,TULX008_dorsal_188109.JPG,73,5164,5098,4433,4320,4306,2313,2307,2290,2142,2437
188110,TULX008,TULX008_dorsal_188110.JPG,73,5715,5623,4775,4595,4566,2354,2351,2316,2096,2474
188111,TULX008,TULX008_dorsal_188111.JPG,73,5528,5437,4622,4444,4441,2416,2405,2372,2205,2570
188112,TULX008,TULX008_dorsal_188112.JPG,72.9,5258,5165,4473,4368,4333,2299,2291,2198,2028,2337
188113,TULX008,TULX008_dorsal_188113.JPG,73.1,4971,4880,4259,4151,4141,2371,2370,2329,2187,2484
188114,TULX008,TULX008_dorsal_188114.JPG,73,4993,4923,4313,4211,4186,2385,2381,2329,2173,2464
188115,TULX008,TULX008_dorsal_188115.JPG,73,5136,5062,4417,4283,4265,2324,2324,2273,2113,2399
188116,TULX008,TULX008_dorsal_188116.JPG,73,5070,4995,4404,4278,4278,2391,2382,2377,2245,2523
188117,TULX008,TULX008_dorsal_188117.JPG,73,5357,5264,4465,4300,4246,2406,2395,2257,2057,2429
188118,TULX008,TULX008_dorsal_188118.JPG,73.1,5197,5124,4458,4333,4330,2296,2292,2298,2204,2458
188119,TULX008,TULX008_dorsal_188119.JPG,73,4890,4825,4263,4183,4151,2376,2370,2306,2185,2407
188120,TULX008,TULX008_dorsal_188120.JPG,73,5840,5703,4767,4572,4558,2420,2432,2400,2175,2603
188121,TULX008,TULX008_dorsal_188121.JPG,73.1,4949,4881,4330,4233,4222,2310,2308,2270,2153,2371
188122,TULX008,TULX008_dorsal_188122.JPG,73,5209,5134,4417,4287,4233,2396,2385,2289,2116,2417
188123,TULX008,TULX008_dorsal_188123.JPG,73,4993,4927,4327,4208,4208,2319,2313,2326,2187,2465
188124,TULX008,TULX008_dorsal_188124.JPG,73,4987,4912,4303,4209,4199,2388,2393,2367,2219,2488
188125,TULX008,TULX008_dorsal_188125.JPG,73,5745,5620,4519,4283,4240,2485,2469,2384,2115,2631
188126,TULX008,TULX008_dorsal_188126.JPG,73,5053,4984,4370,4240,4215,2382,2370,2317,2162,2452
188127,TULX008,TULX008_dorsal_188127.JPG,73,5128,5037,4334,4238,4202,2391,2381,2272,2128,2406
188128,TULX008,TULX008_dorsal_188128.JPG,73,5040,4958,4349,4262,4224,2312,2309,2239,2090,2343
188129,TULX008,TULX008_dorsal_188129.JPG,73,4969,4890,4278,4177,4164,2306,2300,2267,2121,2384
188130,TULX008,TULX008_dorsal_188130.JPG,73,4821,4766,4231,4150,4142,2300,2294,2240,2140,2337
188131,TULX008,TULX008_dorsal_188131.JPG,73,5691,5576,4701,4527,4516,2323,2316,2252,2055,2440
188132,TULX008,TULX008_dorsal_188132.JPG,73,5168,5076,4358,4228,4197,2321,2320,2242,2065,2393
188133,TULX008,TULX008_dorsal_188133.JPG,73,5643,5532,4679,4482,4481,2416,2415,2395,2197,2584
188134,TULX008,TULX008_dorsal_188134.JPG,73,4940,4887,4360,4233,4246,2310,2306,2324,2225,2455
188135,TULX008,TULX008_dorsal_188135.JPG,73,5849,5692,4606,4392,4347,2462,2439,2350,2094,2595
188136,TULX008,TULX008_dorsal_188136.JPG,73.1,5381,5266,4387,4185,4159,2437,2423,2351,2140,2555
188137,TULX008,TULX008_dorsal_188137.JPG,73,5121,5022,4409,4288,4285,2395,2387,2364,2216,2499
188138,TULX008,TULX008_dorsal_188138.JPG,72.9,5287,5200,4481,4323,4305,2408,2403,2343,2200,2512
188139,TULX008,TULX008_dorsal_188139.JPG,73,4914,4842,4277,4179,4158,2372,2364,2300,2158,2432
188140,TULX008,TULX008_dorsal_188140.JPG,73,4857,4796,4289,4206,4196,2311,2307,2289,2180,2390
188141,TULX008,TULX008_dorsal_188141.JPG,73,5141,5047,4381,4264,4290,2399,2394,2437,2318,2597
188142,TULX008,TULX008_dorsal_188142.JPG,73,5192,5100,4382,4236,4212,2401,2395,2367,2177,2509
188143,TULX008,TULX008_dorsal_188143.JPG,73,5554,5424,4496,4336,4273,2345,2331,2226,1983,2425
188144,TULX008,TULX008_dorsal_188144.JPG,73.1,5097,5016,4368,4269,4223,2380,2369,2289,2163,2417
188145,TULX008,TULX008_dorsal_188145.JPG,73,5428,5305,4468,4298,4276,2402,2396,2332,2150,2541
188146,TULX008,TULX008_dorsal_188146.JPG,73,5109,5021,4400,4262,4270,2382,2383,2425,2293,2583
188147,TULX008,TULX008_dorsal_188147.JPG,73,5181,5119,4419,4302,4280,2382,2375,2296,2137,2433
188148,TULX008,TULX008_dorsal_188148.JPG,73,5206,5125,4449,4334,4339,2382,2381,2347,2244,2514
188149,TULX008,TULX008_dorsal_188149.JPG,73,5779,5654,4758,4548,4527,2344,2333,2293,2065,2513
188150,TULX008,TULX008_dorsal_188150.JPG,73,4963,4902,4333,4221,4207,2370,2362,2305,2171,2409
190201,TUP19,TUP19_dorsal_190201.JPG,73,5285,5228,4515,4423,4401,2691,2684,2631,2520,2777
190202,TUP19,TUP19_dorsal_190202.JPG,73,4933,4883,4169,4043,4015,2688,2689,2706,2602,2839
190203,TUP19,TUP19_dorsal_190203.JPG,73.1,5268,5167,4461,4321,4319,2677,2672,2632,2504,2793
190204,TUP19,TUP19_dorsal_190204.JPG,73.1,5565,5450,4558,4346,4315,2695,2689,2614,2421,2780
190205,TUP19,TUP19_dorsal_190205.JPG,73.3,5283,5218,4469,4364,4338,2687,2687,2616,2458,2780
190206,TUP19,TUP19_dorsal_190206.JPG,73,5261,5167,4446,4307,4289,2686,2678,2663,2525,2822
190207,TUP19,TUP19_dorsal_190207.JPG,73.1,5753,5643,4761,4593,4588,2671,2666,2615,2444,2796
190208,TUP19,TUP19_dorsal_190208.JPG,73,5088,5030,4377,4296,4264,2660,2653,2584,2461,2721
190209,TUP19,TUP19_dorsal_190209.JPG,73,4969,4900,4321,4232,4197,2683,2675,2610,2508,2744
190210,TUP19,TUP19_dorsal_190210.JPG,73.2,5080,5008,4357,4249,4228,2690,2686,2655,2517,2758
190211,TUP19,TUP19_dorsal_190211.JPG,73.1,5326,5259,4593,4439,4417,2700,2699,2670,2548,2805
190212,TUP19,TUP19_dorsal_190212.JPG,73.1,5227,5154,4474,4343,4323,2708,2704,2650,2497,2774
190213,TUP19,TUP19_dorsal_190213.JPG,73,5263,5191,4454,4322,4288,2693,2686,2597,2447,2736
190214,TUP19,TUP19_dorsal_190214.JPG,73,5221,5127,4435,4291,4271,2693,2689,2679,2549,2815
190215,TUP19,TUP19_dorsal_190215.JPG,73,5311,5216,4463,4337,4304,2677,2670,2577,2402,2722
190216,TUP19,TUP19_dorsal_190216.JPG,73,5244,5141,4420,4291,4262,2696,2690,2645,2481,2782
190217,TUP19,TUP19_dorsal_190217.JPG,73,5117,5043,4448,4334,4304,2658,2645,2612,2502,2738
190218,TUP19,TUP19_dorsal_190218.JPG,73,5108,5040,4395,4264,4236,2683,2672,2596,2464,2708
190219,TUP19,TUP19_dorsal_190219.JPG,73,4871,4816,4278,4170,4139,2689,2684,2633,2481,2712
190220,TUP19,TUP19_dorsal_190220.JPG,73.1,5303,5213,4494,4384,4343,2681,2674,2584,2434,2730
190221,TUP19,TUP19_dorsal_190221.JPG,73.1,5229,5158,4466,4338,4320,2674,2665,2623,2486,2763
190222,TUP19,TUP19_dorsal_190222.JPG,73,5650,5550,4680,4480,4438,2700,2695,2628,2411,2784
190223,TUP19,TUP19_dorsal_190223.JPG,73,5205,5125,4425,4282,4254,2683,2675,2601,2452,2735
190224,TUP19,TUP19_dorsal_190224.JPG,73,5276,5183,4417,4268,4237,2713,2713,2653,2485,2810
190225,TUP19,TUP19_dorsal_190225.JPG,73,5145,5082,4384,4261,4261,2693,2692,2679,2550,2829
190226,TUP19,TUP19_dorsal_190226.JPG,73,5274,5202,4467,4330,4298,2708,2701,2603,2444,2743
190227,TUP19,TUP19_dorsal_190227.JPG,73.1,5775,5620,4680,4482,4485,2684,2672,2644,2462,2842
190228,TUP19,TUP19_dorsal_190228.JPG,73,5234,5178,4506,4394,4349,2690,2690,2602,2464,2714
190229,TUP19,TUP19_dorsal_190229.JPG,73,5121,5041,4438,4314,4305,2699,2691,2682,2538,2781
190230,TUP19,TUP19_dorsal_190230.JPG,73,5027,4975,4313,4221,4177,2677,2674,2583,2438,2698
190231,TUP19,TUP19_dorsal_190231.JPG,73.1,5254,5176,4469,4363,4314,2697,2692,2583,2426,2720
190232,TUP19,TUP19_dorsal_190232.JPG,73,5138,5064,4368,4257,4225,2712,2706,2637,2474,2767
190233,TUP19,TUP19_dorsal_190233.JPG,73.1,5190,5120,4415,4290,4259,2688,2683,2582,2425,2705
190234,TUP19,TUP19_dorsal_190234.JPG,73,4671,4638,4146,4054,4050,2685,2682,2648,2577,2752
190235,TUP19,TUP19_dorsal_190235.JPG,73.1,5612,5505,4697,4576,4552,2701,2700,2668,2490,2824
190236,TUP19,TUP19_dorsal_190236.JPG,73,5085,5024,4382,4275,4234,2707,2703,2600,2456,2709
190237,TUP19,TUP19_dorsal_190237.JPG,73,5347,5271,4489,4343,4321,2683,2684,2634,2459,2790
190238,TUP19,TUP19_dorsal_190238.JPG,73.1,5124,5064,4341,4201,4199,2678,2676,2672,2553,2811
190239,TUP19,TUP19_dorsal_190239.JPG,73.1,5300,5231,4517,4388,4370,2679,2675,2624,2488,2748
190240,TUP19,TUP19_dorsal_190240.JPG,73,5190,5126,4406,4295,4260,2677,2669,2564,2415,2690
190241,TUP19,TUP19_dorsal_190241.JPG,73,5109,5033,4316,4208,4181,2667,2663,2586,2436,2729
190242,TUP19,TUP19_dorsal_190242.JPG,72.9,4913,4866,4291,4187,4183,2693,2687,2646,2530,2760
190243,TUP19,TUP19_dorsal_190243.JPG,73.1,4918,4870,4270,4168,4136,2689,2684,2617,2496,2723
190244,TUP19,TUP19_dorsal_190244.JPG,73.2,5616,5490,4600,4437,4421,2688,2680,2639,2439,2826
190245,TUP19,TUP19_dorsal_190245.JPG,73.2,5220,5147,4451,4354,4295,2689,2679,2562,2409,2657
190246,TUP19,TUP19_dorsal_190246.JPG,73.2,5086,5008,4395,4285,4265,2678,2672,2608,2482,2726
190247,TUP19,TUP19_dorsal_190247.JPG,73,5085,5026,4394,4281,4253,2687,2680,2631,2475,2735
190248,TUP19,TUP19_dorsal_190248.JPG,73,4902,4840,4290,4188,4173,2689,2683,2638,2511,2727
190249,TUP19,TUP19_dorsal_190249.JPG,73,5134,5077,4446,4331,4332,2697,2702,2701,2566,2814
190250,TUP19,TUP19_dorsal_190250.JPG,73,5543,5431,4571,4428,4361,2696,2690,2599,2405,2742
186844,Marine,Marine_closed_186844.JPG,73,5620,5525,4590,4309,4349,2527,2541,2593,2432,2825
186846,Marine,Marine_closed_186846.JPG,73,5339,5267,4538,4336,4321,2564,2557,2499,2326,2636
186848,Marine,Marine_closed_186848.JPG,73.3,5573,5475,4609,4305,4338,2543,2543,2548,2430,2821
186849,Marine,Marine_closed_186849.JPG,73.1,5379,5281,4597,4385,4373,2536,2533,2489,2339,2648
188968,Marine,Marine_closed_188968.JPG,73.1,5342,5248,4493,4289,4312,2546,2541,2545,2396,2741
188969,Marine,Marine_closed_188969.JPG,73,5726,5626,4700,4425,4395,2567,2559,2499,2223,2715
204160,Marine,Marine_closed_204160.JPG,73.5,5647,5519,4639,4449,4383,2589,2576,2439,2219,2607
204161,Marine,Marine_closed_204161.JPG,73.2,5906,5774,4831,4525,4521,2571,2571,2542,2321,2775
186847,Marine,Marine_dorsal_186847.JPG,73.2,5538,5431,4557,4324,4296,2557,2547,2447,2239,2616